{
  "config": {
    "env_name": "spiral_2d",
    "latent_dim": 16,
    "capacity": "large",
    "use_sigreg": true,
    "protocol": "1step",
    "seed": 0,
    "oracle": false,
    "n_steps": 20000,
    "batch_size": 8192,
    "lr": 0.0003,
    "wd": 0.0001,
    "lam_reg": 1.0
  },
  "final_train_loss": 0.04065296798944473,
  "final_val_mse": 0.0007630832435097546,
  "marginal_kl": 3.51204252243042,
  "eff_latent_dim": 5,
  "wall_time_s": 104.58105039596558,
  "ak_metrics": {
    "jacobian": {
      "1": 1.2887523889541626,
      "5": 1.9013646781444549,
      "10": 2.23615306019783,
      "25": NaN,
      "50": NaN
    },
    "perturbation": {
      "1": 0.7635546272993088,
      "5": 0.5946974906325341,
      "10": 0.5937277632206679,
      "25": 0.8591675201803446,
      "50": 0.8717145734652877
    },
    "traj_div": {
      "1": 0.7678857770562172,
      "5": 0.5856595931947232,
      "10": 0.5934959199279547,
      "25": 0.7901375602185726,
      "50": 1.0873340435512364
    }
  },
  "gt_ak": {
    "1": 1.05,
    "5": 1.2762815625000001,
    "10": 1.6288946267774416,
    "25": 3.386354940899387,
    "50": 11.467399785753683
  },
  "total_time_s": 113.29047632217407
}