{
  "config": {
    "env_name": "lorenz",
    "latent_dim": 16,
    "capacity": "large",
    "use_sigreg": true,
    "protocol": "5step",
    "seed": 0,
    "oracle": false,
    "n_steps": 20000,
    "batch_size": 8192,
    "lr": 0.0003,
    "wd": 0.0001,
    "lam_reg": 1.0
  },
  "final_train_loss": 0.05719327926635742,
  "final_val_mse": 0.0005519986967556179,
  "marginal_kl": 1.3236205577850342,
  "eff_latent_dim": 10,
  "wall_time_s": 296.23416566848755,
  "ak_metrics": {
    "jacobian": {
      "1": 1.4581397831439973,
      "5": 3.9037520051002503,
      "10": 7.314251852035523,
      "25": NaN,
      "50": NaN
    },
    "perturbation": {
      "1": 0.8106983056664467,
      "5": 0.9891821259260177,
      "10": 1.6260357415676117,
      "25": 3.2316768691688775,
      "50": 4.156739857420325
    },
    "traj_div": {
      "1": 0.7885711151361465,
      "5": 0.9560877278447151,
      "10": 1.5787847717106342,
      "25": 3.6298615009710193,
      "50": 4.738718433603644
    }
  },
  "gt_ak": {
    "1": 0.9617653891676228,
    "5": 0.9058524331294783,
    "10": 0.8677002309387756,
    "25": 1.8261797415454353,
    "50": 5.016257899177928
  },
  "total_time_s": 304.54093289375305
}