{
  "config": {
    "env_name": "lorenz",
    "latent_dim": 16,
    "capacity": "small",
    "use_sigreg": true,
    "protocol": "5step",
    "seed": 3,
    "oracle": false,
    "n_steps": 20000,
    "batch_size": 8192,
    "lr": 0.0003,
    "wd": 0.0001,
    "lam_reg": 1.0
  },
  "final_train_loss": 0.08202746510505676,
  "final_val_mse": 0.0009366782556753606,
  "marginal_kl": 1.3992769718170166,
  "eff_latent_dim": 11,
  "wall_time_s": 220.67226243019104,
  "ak_metrics": {
    "jacobian": {
      "1": 1.397503662109375,
      "5": 3.3350797295570374,
      "10": 6.394816100597382,
      "25": NaN,
      "50": NaN
    },
    "perturbation": {
      "1": 0.8726943147182464,
      "5": 1.1529451498389245,
      "10": 1.768952224254608,
      "25": 7.5785650959610935,
      "50": 59.49048480518162
    },
    "traj_div": {
      "1": 0.9136744904518127,
      "5": 1.31277546107769,
      "10": 2.1803885650634767,
      "25": 6.004843088984489,
      "50": 41.04097497940064
    }
  },
  "gt_ak": {
    "1": 0.9617653891676228,
    "5": 0.9058524331294783,
    "10": 0.8677002309387756,
    "25": 1.8261797415454353,
    "50": 5.016257899177928
  },
  "total_time_s": 225.57290410995483
}