{
  "config": {
    "env_name": "lorenz",
    "latent_dim": 16,
    "capacity": "small",
    "use_sigreg": false,
    "protocol": "5step",
    "seed": 2,
    "oracle": false,
    "n_steps": 20000,
    "batch_size": 8192,
    "lr": 0.0003,
    "wd": 0.0001,
    "lam_reg": 1.0
  },
  "final_train_loss": 0.3371567130088806,
  "final_val_mse": 0.014084835536777973,
  "marginal_kl": 99.65811157226562,
  "eff_latent_dim": 6,
  "wall_time_s": 173.1899721622467,
  "ak_metrics": {
    "jacobian": {
      "1": 1.3109907865524293,
      "5": 2.7158350229263304,
      "10": 4.211668479442596,
      "25": NaN,
      "50": NaN
    },
    "perturbation": {
      "1": 0.8710351699590683,
      "5": 1.022348673939705,
      "10": 1.4007083702087402,
      "25": 1.6427727141976356,
      "50": 1.9328349162638188
    },
    "traj_div": {
      "1": 0.8660067629814148,
      "5": 0.9999184036254882,
      "10": 1.2654357239603997,
      "25": 1.7601726105809212,
      "50": 1.789396766424179
    }
  },
  "gt_ak": {
    "1": 0.9617653891676228,
    "5": 0.9058524331294783,
    "10": 0.8677002309387756,
    "25": 1.8261797415454353,
    "50": 5.016257899177928
  },
  "total_time_s": 178.0027461051941
}