{
  "config": {
    "env_name": "lorenz",
    "latent_dim": 16,
    "capacity": "small",
    "use_sigreg": true,
    "protocol": "5step",
    "seed": 4,
    "oracle": false,
    "n_steps": 20000,
    "batch_size": 8192,
    "lr": 0.0003,
    "wd": 0.0001,
    "lam_reg": 1.0
  },
  "final_train_loss": 0.06735113263130188,
  "final_val_mse": 0.0008430153713561595,
  "marginal_kl": 1.5260040760040283,
  "eff_latent_dim": 10,
  "wall_time_s": 203.6524465084076,
  "ak_metrics": {
    "jacobian": {
      "1": 1.3904204785823822,
      "5": 3.3820826351642608,
      "10": 6.2939532995224,
      "25": NaN,
      "50": NaN
    },
    "perturbation": {
      "1": 0.8857588177919388,
      "5": 1.0594608741998672,
      "10": 1.6611772146821022,
      "25": 3.947243281006813,
      "50": 15.031711823344232
    },
    "traj_div": {
      "1": 0.8695847606658935,
      "5": 1.1048838821053506,
      "10": 1.62995076328516,
      "25": 4.436846723854542,
      "50": 13.448273896425963
    }
  },
  "gt_ak": {
    "1": 0.9617653891676228,
    "5": 0.9058524331294783,
    "10": 0.8677002309387756,
    "25": 1.8261797415454353,
    "50": 5.016257899177928
  },
  "total_time_s": 208.20017981529236
}