{
  "config": {
    "env_name": "lorenz",
    "latent_dim": 16,
    "capacity": "large",
    "use_sigreg": true,
    "protocol": "5step",
    "seed": 1,
    "oracle": false,
    "n_steps": 20000,
    "batch_size": 8192,
    "lr": 0.0003,
    "wd": 0.0001,
    "lam_reg": 1.0
  },
  "final_train_loss": 0.06903096288442612,
  "final_val_mse": 0.0005642592383082956,
  "marginal_kl": 1.3912804126739502,
  "eff_latent_dim": 10,
  "wall_time_s": 295.3629856109619,
  "ak_metrics": {
    "jacobian": {
      "1": 1.383264672756195,
      "5": 3.090257328748703,
      "10": 6.612433940172195,
      "25": NaN,
      "50": NaN
    },
    "perturbation": {
      "1": 0.7930625915527344,
      "5": 0.9050340937077999,
      "10": 1.5576633897423744,
      "25": 2.8017316046357155,
      "50": 2.9551218012720346
    },
    "traj_div": {
      "1": 0.7812642785906792,
      "5": 0.9187200158834458,
      "10": 1.5991213327646256,
      "25": 2.820606403648853,
      "50": 4.003827949166298
    }
  },
  "gt_ak": {
    "1": 0.9617653891676228,
    "5": 0.9058524331294783,
    "10": 0.8677002309387756,
    "25": 1.8261797415454353,
    "50": 5.016257899177928
  },
  "total_time_s": 304.9135591983795
}