{
  "config": {
    "env_name": "spiral_2d",
    "latent_dim": 16,
    "capacity": "large",
    "use_sigreg": true,
    "protocol": "5step",
    "seed": 2,
    "oracle": false,
    "n_steps": 20000,
    "batch_size": 8192,
    "lr": 0.0003,
    "wd": 0.0001,
    "lam_reg": 1.0
  },
  "final_train_loss": 0.05849647894501686,
  "final_val_mse": 0.0010727355140261352,
  "marginal_kl": 3.021556854248047,
  "eff_latent_dim": 5,
  "wall_time_s": 305.511061668396,
  "ak_metrics": {
    "jacobian": {
      "1": 1.237295114994049,
      "5": 1.5236808776855468,
      "10": 1.763633781671524,
      "25": NaN,
      "50": NaN
    },
    "perturbation": {
      "1": 0.6619016116857529,
      "5": 0.4495709004253149,
      "10": 0.47626517921686173,
      "25": 0.701730325743556,
      "50": 0.7832412696443498
    },
    "traj_div": {
      "1": 0.6461517319083214,
      "5": 0.464553255289793,
      "10": 0.49633571619167927,
      "25": 0.5931053541228175,
      "50": 0.7348230958264321
    }
  },
  "gt_ak": {
    "1": 1.05,
    "5": 1.2762815625000001,
    "10": 1.6288946267774416,
    "25": 3.386354940899387,
    "50": 11.467399785753683
  },
  "total_time_s": 314.37734842300415
}