{
  "config": {
    "env_name": "stable_linear",
    "latent_dim": 16,
    "capacity": "small",
    "use_sigreg": false,
    "protocol": "5step",
    "seed": 2,
    "oracle": false,
    "n_steps": 20000,
    "batch_size": 8192,
    "lr": 0.0003,
    "wd": 0.0001,
    "lam_reg": 1.0
  },
  "final_train_loss": 0.0006787512684240937,
  "final_val_mse": 0.00027549502265173943,
  "marginal_kl": 158.87347412109375,
  "eff_latent_dim": 2,
  "wall_time_s": 175.05468702316284,
  "ak_metrics": {
    "jacobian": {
      "1": 1.1408140361309052,
      "5": 0.9897496372461319,
      "10": 0.7866888165473938,
      "25": NaN,
      "50": NaN
    },
    "perturbation": {
      "1": 0.5875183245539666,
      "5": 0.36301434099674224,
      "10": 0.2412142727151513,
      "25": 0.06672710705082864,
      "50": 0.008435276144882663
    },
    "traj_div": {
      "1": 0.5714480802416801,
      "5": 0.39686804126948116,
      "10": 0.2446022418141365,
      "25": 0.061675395797938105,
      "50": 0.007445930068206508
    }
  },
  "gt_ak": {
    "1": 0.9,
    "5": 0.59049,
    "10": 0.3486784400999998,
    "25": 0.07178979876918516,
    "50": 0.005153775207320101
  },
  "total_time_s": 179.65323328971863
}