{
  "config": {
    "env_name": "lorenz",
    "latent_dim": 16,
    "capacity": "small",
    "use_sigreg": true,
    "protocol": "5step",
    "seed": 1,
    "oracle": false,
    "n_steps": 20000,
    "batch_size": 8192,
    "lr": 0.0003,
    "wd": 0.0001,
    "lam_reg": 1.0
  },
  "final_train_loss": 0.071552574634552,
  "final_val_mse": 0.0008857948298100383,
  "marginal_kl": 1.6182398796081543,
  "eff_latent_dim": 10,
  "wall_time_s": 223.5638575553894,
  "ak_metrics": {
    "jacobian": {
      "1": 1.40417320728302,
      "5": 3.195977783203125,
      "10": 6.837404906749725,
      "25": NaN,
      "50": NaN
    },
    "perturbation": {
      "1": 0.885807358622551,
      "5": 1.1077804613113402,
      "10": 1.6219930410385133,
      "25": 4.423366351425647,
      "50": 9.921799033731222
    },
    "traj_div": {
      "1": 0.9039021521806717,
      "5": 1.137938991189003,
      "10": 1.8472648087143897,
      "25": 4.644653798490762,
      "50": 10.715341883599757
    }
  },
  "gt_ak": {
    "1": 0.9617653891676228,
    "5": 0.9058524331294783,
    "10": 0.8677002309387756,
    "25": 1.8261797415454353,
    "50": 5.016257899177928
  },
  "total_time_s": 228.68654799461365
}