{
  "config": {
    "env_name": "spiral_2d",
    "latent_dim": 16,
    "capacity": "small",
    "use_sigreg": false,
    "protocol": "5step",
    "seed": 2,
    "oracle": false,
    "n_steps": 20000,
    "batch_size": 8192,
    "lr": 0.0003,
    "wd": 0.0001,
    "lam_reg": 1.0
  },
  "final_train_loss": 0.3696988821029663,
  "final_val_mse": 0.015815752930939196,
  "marginal_kl": 319.61456298828125,
  "eff_latent_dim": 3,
  "wall_time_s": 181.63387799263,
  "ak_metrics": {
    "jacobian": {
      "1": 1.2348052382469177,
      "5": 1.8366357266902924,
      "10": 2.3614749789237974,
      "25": NaN,
      "50": NaN
    },
    "perturbation": {
      "1": 0.5139138640463352,
      "5": 0.527862792685628,
      "10": 0.5953180369734764,
      "25": 0.8917372937500477,
      "50": 0.5739530345238745
    },
    "traj_div": {
      "1": 0.5327292251586914,
      "5": 0.5072907121665776,
      "10": 0.6337492540478706,
      "25": 0.865650948472321,
      "50": 0.6687321994081139
    }
  },
  "gt_ak": {
    "1": 1.05,
    "5": 1.2762815625000001,
    "10": 1.6288946267774416,
    "25": 3.386354940899387,
    "50": 11.467399785753683
  },
  "total_time_s": 186.14116287231445
}