{
  "config": {
    "env_name": "stable_linear",
    "latent_dim": 16,
    "capacity": "large",
    "use_sigreg": false,
    "protocol": "5step",
    "seed": 1,
    "oracle": false,
    "n_steps": 20000,
    "batch_size": 8192,
    "lr": 0.0003,
    "wd": 0.0001,
    "lam_reg": 1.0
  },
  "final_train_loss": 0.00020929711172357202,
  "final_val_mse": 8.395146287512034e-05,
  "marginal_kl": 59.24048614501953,
  "eff_latent_dim": 3,
  "wall_time_s": 254.285790681839,
  "ak_metrics": {
    "jacobian": {
      "1": 1.2206986665725708,
      "5": 0.9478701263666153,
      "10": 0.6713023230433464,
      "25": NaN,
      "50": NaN
    },
    "perturbation": {
      "1": 0.512322163283825,
      "5": 0.2728045353293419,
      "10": 0.13867220694199203,
      "25": 0.031233065130654724,
      "50": 0.0028879672358743847
    },
    "traj_div": {
      "1": 0.5433168467879296,
      "5": 0.2833827515691519,
      "10": 0.15886017646640538,
      "25": 0.03037635645043338,
      "50": 0.0022666581260273235
    }
  },
  "gt_ak": {
    "1": 0.9,
    "5": 0.59049,
    "10": 0.3486784400999998,
    "25": 0.07178979876918516,
    "50": 0.005153775207320101
  },
  "total_time_s": 263.29984426498413
}