{
  "config": {
    "env_name": "stable_linear",
    "latent_dim": 16,
    "capacity": "small",
    "use_sigreg": true,
    "protocol": "1step",
    "seed": 3,
    "oracle": false,
    "n_steps": 20000,
    "batch_size": 8192,
    "lr": 0.0003,
    "wd": 0.0001,
    "lam_reg": 1.0
  },
  "final_train_loss": 0.3094531297683716,
  "final_val_mse": 0.0007960785354953259,
  "marginal_kl": 51.977745056152344,
  "eff_latent_dim": 9,
  "wall_time_s": 91.28928971290588,
  "ak_metrics": {
    "jacobian": {
      "1": 1.8521771252155304,
      "5": 8.12012745141983,
      "10": 15.477681946754455,
      "25": NaN,
      "50": NaN
    },
    "perturbation": {
      "1": 1.1432371985912324,
      "5": 2.9201499158143998,
      "10": 4.458663740754128,
      "25": 18.314073565006257,
      "50": 1110.5512600600719
    },
    "traj_div": {
      "1": 1.1621749585866927,
      "5": 3.1016699469089506,
      "10": 4.438432865142822,
      "25": 16.066312936246394,
      "50": 593.6843287187814
    }
  },
  "gt_ak": {
    "1": 0.9,
    "5": 0.59049,
    "10": 0.3486784400999998,
    "25": 0.07178979876918516,
    "50": 0.005153775207320101
  },
  "total_time_s": 95.6425187587738
}