{
  "config": {
    "env_name": "spiral_2d",
    "latent_dim": 16,
    "capacity": "large",
    "use_sigreg": true,
    "protocol": "5step",
    "seed": 0,
    "oracle": false,
    "n_steps": 20000,
    "batch_size": 8192,
    "lr": 0.0003,
    "wd": 0.0001,
    "lam_reg": 1.0
  },
  "final_train_loss": 0.04605984687805176,
  "final_val_mse": 0.0012453484581783415,
  "marginal_kl": 3.4337024688720703,
  "eff_latent_dim": 5,
  "wall_time_s": 293.42596316337585,
  "ak_metrics": {
    "jacobian": {
      "1": 1.2269971191883087,
      "5": 1.5031303942203522,
      "10": 1.8170642971992492,
      "25": NaN,
      "50": NaN
    },
    "perturbation": {
      "1": 0.6911575064063072,
      "5": 0.42607111282646654,
      "10": 0.5092382004857063,
      "25": 0.6785101119056344,
      "50": 0.6764041575789451
    },
    "traj_div": {
      "1": 0.6730070716142654,
      "5": 0.48445440627634523,
      "10": 0.47462066568434236,
      "25": 0.7191217355430126,
      "50": 0.8455107803083957
    }
  },
  "gt_ak": {
    "1": 1.05,
    "5": 1.2762815625000001,
    "10": 1.6288946267774416,
    "25": 3.386354940899387,
    "50": 11.467399785753683
  },
  "total_time_s": 302.4494481086731
}