{
  "config": {
    "env_name": "spiral_2d",
    "latent_dim": 16,
    "capacity": "small",
    "use_sigreg": true,
    "protocol": "1step",
    "seed": 3,
    "oracle": false,
    "n_steps": 20000,
    "batch_size": 8192,
    "lr": 0.0003,
    "wd": 0.0001,
    "lam_reg": 1.0
  },
  "final_train_loss": 0.05648496747016907,
  "final_val_mse": 0.001630479225423187,
  "marginal_kl": 4.637962341308594,
  "eff_latent_dim": 5,
  "wall_time_s": 92.41222786903381,
  "ak_metrics": {
    "jacobian": {
      "1": 1.4320625364780426,
      "5": 2.641806352138519,
      "10": 4.100428676605224,
      "25": NaN,
      "50": NaN
    },
    "perturbation": {
      "1": 0.8832807302474975,
      "5": 0.9328448322415351,
      "10": 1.2272979992628097,
      "25": 2.4720560199022295,
      "50": 7.403409553468228
    },
    "traj_div": {
      "1": 0.890141732096672,
      "5": 0.9089847731590271,
      "10": 1.1474127657711506,
      "25": 2.3223505541682243,
      "50": 6.723986447565258
    }
  },
  "gt_ak": {
    "1": 1.05,
    "5": 1.2762815625000001,
    "10": 1.6288946267774416,
    "25": 3.386354940899387,
    "50": 11.467399785753683
  },
  "total_time_s": 97.37807273864746
}