{
  "config": {
    "env_name": "lorenz",
    "latent_dim": 16,
    "capacity": "large",
    "use_sigreg": false,
    "protocol": "1step",
    "seed": 2,
    "oracle": false,
    "n_steps": 20000,
    "batch_size": 8192,
    "lr": 0.0003,
    "wd": 0.0001,
    "lam_reg": 1.0
  },
  "final_train_loss": 0.0012491802917793393,
  "final_val_mse": 0.001231893606018275,
  "marginal_kl": 96.53548431396484,
  "eff_latent_dim": 6,
  "wall_time_s": 88.46494889259338,
  "ak_metrics": {
    "jacobian": {
      "1": 1.265968632698059,
      "5": 2.7376594305038453,
      "10": 4.824748063087464,
      "25": NaN,
      "50": NaN
    },
    "perturbation": {
      "1": 0.9811918622255326,
      "5": 1.263130977153778,
      "10": 1.8584096890687942,
      "25": 3.808613515496254,
      "50": 11.941304548978806
    },
    "traj_div": {
      "1": 0.9942229557037353,
      "5": 1.242034793496132,
      "10": 1.8091726142168045,
      "25": 3.850773736834526,
      "50": 11.177672713398934
    }
  },
  "gt_ak": {
    "1": 0.9617653891676228,
    "5": 0.9058524331294783,
    "10": 0.8677002309387756,
    "25": 1.8261797415454353,
    "50": 5.016257899177928
  },
  "total_time_s": 97.54447507858276
}