{
  "config": {
    "env_name": "spiral_2d",
    "latent_dim": 32,
    "capacity": "small",
    "use_sigreg": true,
    "protocol": "1step",
    "seed": 2,
    "oracle": false,
    "n_steps": 20000,
    "batch_size": 8192,
    "lr": 0.0003,
    "wd": 0.0001,
    "lam_reg": 1.0
  },
  "final_train_loss": 0.17686352133750916,
  "final_val_mse": 0.0035344269359484314,
  "marginal_kl": 3.5142500400543213,
  "eff_latent_dim": 10,
  "wall_time_s": 92.33315253257751,
  "ak_metrics": {
    "jacobian": {
      "1": 2.16004558801651,
      "5": 6.147252404689789,
      "10": 11.848622107505799,
      "25": NaN,
      "50": NaN
    },
    "perturbation": {
      "1": 1.0714089393615722,
      "5": 1.682967213988304,
      "10": 2.6231450605392457,
      "25": 8.958302229046822,
      "50": 47.496509399116036
    },
    "traj_div": {
      "1": 1.0755996006727218,
      "5": 1.4741488003730774,
      "10": 2.641689411997795,
      "25": 10.223356084227563,
      "50": 32.391700765788556
    }
  },
  "gt_ak": {
    "1": 1.05,
    "5": 1.2762815625000001,
    "10": 1.6288946267774416,
    "25": 3.386354940899387,
    "50": 11.467399785753683
  },
  "total_time_s": 99.30331516265869
}