{
  "config": {
    "env_name": "spiral_2d",
    "latent_dim": 16,
    "capacity": "small",
    "use_sigreg": false,
    "protocol": "5step",
    "seed": 4,
    "oracle": false,
    "n_steps": 20000,
    "batch_size": 8192,
    "lr": 0.0003,
    "wd": 0.0001,
    "lam_reg": 1.0
  },
  "final_train_loss": 0.008777624927461147,
  "final_val_mse": 0.0007514427416026592,
  "marginal_kl": 102.79151153564453,
  "eff_latent_dim": 2,
  "wall_time_s": 173.2060604095459,
  "ak_metrics": {
    "jacobian": {
      "1": 1.1754111528396607,
      "5": 1.5831303536891936,
      "10": 1.7268384277820588,
      "25": NaN,
      "50": NaN
    },
    "perturbation": {
      "1": 0.4817629827558994,
      "5": 0.47572953093796966,
      "10": 0.5655098387598991,
      "25": 0.47049182737246154,
      "50": 0.5247592453286052
    },
    "traj_div": {
      "1": 0.5133020111918449,
      "5": 0.4644894789159298,
      "10": 0.5296613846719265,
      "25": 0.3259237080439925,
      "50": 0.37551222562789915
    }
  },
  "gt_ak": {
    "1": 1.05,
    "5": 1.2762815625000001,
    "10": 1.6288946267774416,
    "25": 3.386354940899387,
    "50": 11.467399785753683
  },
  "total_time_s": 177.8930151462555
}