{
  "config": {
    "env_name": "stable_linear",
    "latent_dim": 16,
    "capacity": "large",
    "use_sigreg": false,
    "protocol": "5step",
    "seed": 0,
    "oracle": false,
    "n_steps": 20000,
    "batch_size": 8192,
    "lr": 0.0003,
    "wd": 0.0001,
    "lam_reg": 1.0
  },
  "final_train_loss": 0.000542442430742085,
  "final_val_mse": 0.00010739068238763139,
  "marginal_kl": 80.20820617675781,
  "eff_latent_dim": 3,
  "wall_time_s": 257.9489517211914,
  "ak_metrics": {
    "jacobian": {
      "1": 1.1288434326648713,
      "5": 0.9401140004396439,
      "10": 0.6521082684397698,
      "25": NaN,
      "50": NaN
    },
    "perturbation": {
      "1": 0.5750694161653519,
      "5": 0.34207089100033045,
      "10": 0.1734452567063272,
      "25": 0.04276269514113665,
      "50": 0.002937611812376417
    },
    "traj_div": {
      "1": 0.5738150587677956,
      "5": 0.34852269060909746,
      "10": 0.22295429728925228,
      "25": 0.04154558786656708,
      "50": 0.002969758425169857
    }
  },
  "gt_ak": {
    "1": 0.9,
    "5": 0.59049,
    "10": 0.3486784400999998,
    "25": 0.07178979876918516,
    "50": 0.005153775207320101
  },
  "total_time_s": 266.8212616443634
}