{
  "config": {
    "env_name": "stable_linear",
    "latent_dim": 16,
    "capacity": "small",
    "use_sigreg": true,
    "protocol": "1step",
    "seed": 1,
    "oracle": false,
    "n_steps": 20000,
    "batch_size": 8192,
    "lr": 0.0003,
    "wd": 0.0001,
    "lam_reg": 1.0
  },
  "final_train_loss": 0.34866589307785034,
  "final_val_mse": 0.0008256374625489115,
  "marginal_kl": 50.2506103515625,
  "eff_latent_dim": 9,
  "wall_time_s": 90.79627633094788,
  "ak_metrics": {
    "jacobian": {
      "1": 1.9806239247322082,
      "5": 12.367713057994843,
      "10": 34.09236419200897,
      "25": NaN,
      "50": NaN
    },
    "perturbation": {
      "1": 1.2012188863754272,
      "5": 3.8618849712610244,
      "10": 10.774414671063424,
      "25": 56.99645285844803,
      "50": 134.02288083620368
    },
    "traj_div": {
      "1": 1.2124385380744933,
      "5": 3.2084223252534865,
      "10": 5.876005055159331,
      "25": 53.45096809461713,
      "50": 172.83697616390884
    }
  },
  "gt_ak": {
    "1": 0.9,
    "5": 0.59049,
    "10": 0.3486784400999998,
    "25": 0.07178979876918516,
    "50": 0.005153775207320101
  },
  "total_time_s": 95.33257555961609
}