{
  "config": {
    "env_name": "spiral_2d",
    "latent_dim": 16,
    "capacity": "large",
    "use_sigreg": false,
    "protocol": "1step",
    "seed": 3,
    "oracle": false,
    "n_steps": 20000,
    "batch_size": 8192,
    "lr": 0.0003,
    "wd": 0.0001,
    "lam_reg": 1.0
  },
  "final_train_loss": 0.00027071291697211564,
  "final_val_mse": 0.00027312719903420656,
  "marginal_kl": 66.10839080810547,
  "eff_latent_dim": 3,
  "wall_time_s": 89.15269255638123,
  "ak_metrics": {
    "jacobian": {
      "1": 1.4752678275108337,
      "5": 3.6154490232467653,
      "10": 3.7795238554477693,
      "25": NaN,
      "50": NaN
    },
    "perturbation": {
      "1": 0.6261414115130901,
      "5": 0.9517808060348034,
      "10": 0.9840802505612374,
      "25": 1.494928690828383,
      "50": 1.5314621152356267
    },
    "traj_div": {
      "1": 0.6111649641394615,
      "5": 0.9162556871771812,
      "10": 1.0201602527871727,
      "25": 1.4847895000874995,
      "50": 1.9867882104963064
    }
  },
  "gt_ak": {
    "1": 1.05,
    "5": 1.2762815625000001,
    "10": 1.6288946267774416,
    "25": 3.386354940899387,
    "50": 11.467399785753683
  },
  "total_time_s": 97.95979595184326
}