{
  "config": {
    "env_name": "spiral_2d",
    "latent_dim": 8,
    "capacity": "small",
    "use_sigreg": true,
    "protocol": "1step",
    "seed": 0,
    "oracle": false,
    "n_steps": 20000,
    "batch_size": 8192,
    "lr": 0.0003,
    "wd": 0.0001,
    "lam_reg": 1.0
  },
  "final_train_loss": 0.016317162662744522,
  "final_val_mse": 0.0006030482123605907,
  "marginal_kl": 1.1923837661743164,
  "eff_latent_dim": 5,
  "wall_time_s": 87.02452087402344,
  "ak_metrics": {
    "jacobian": {
      "1": 1.2942648828029633,
      "5": 2.2654627084732057,
      "10": 3.5687289357185366,
      "25": NaN,
      "50": NaN
    },
    "perturbation": {
      "1": 0.9986132276058197,
      "5": 1.214549613595009,
      "10": 1.580115661919117,
      "25": 3.64046325981617,
      "50": 23.194380617141725
    },
    "traj_div": {
      "1": 0.9866969788074493,
      "5": 1.230690078139305,
      "10": 1.5114563012123108,
      "25": 3.6247983169555664,
      "50": 20.237868940830232
    }
  },
  "gt_ak": {
    "1": 1.05,
    "5": 1.2762815625000001,
    "10": 1.6288946267774416,
    "25": 3.386354940899387,
    "50": 11.467399785753683
  },
  "total_time_s": 90.75075149536133
}