{
  "config": {
    "env_name": "lorenz",
    "latent_dim": 16,
    "capacity": "large",
    "use_sigreg": true,
    "protocol": "1step",
    "seed": 0,
    "oracle": false,
    "n_steps": 20000,
    "batch_size": 8192,
    "lr": 0.0003,
    "wd": 0.0001,
    "lam_reg": 1.0
  },
  "final_train_loss": 0.05480518192052841,
  "final_val_mse": 0.0015067743486724793,
  "marginal_kl": 1.3011174201965332,
  "eff_latent_dim": 10,
  "wall_time_s": 110.66044354438782,
  "ak_metrics": {
    "jacobian": {
      "1": 2.496111845970154,
      "5": 16.343643140792846,
      "10": 67.66557893753051,
      "25": NaN,
      "50": NaN
    },
    "perturbation": {
      "1": 1.1603590232133865,
      "5": 4.512241252660751,
      "10": 18.519640893936156,
      "25": 345.21084421038626,
      "50": 135064.39201412202
    },
    "traj_div": {
      "1": 1.1175828009843827,
      "5": 4.48742177426815,
      "10": 15.783649492263795,
      "25": 414.4860975885391,
      "50": 19251.40271419525
    }
  },
  "gt_ak": {
    "1": 0.9617653891676228,
    "5": 0.9058524331294783,
    "10": 0.8677002309387756,
    "25": 1.8261797415454353,
    "50": 5.016257899177928
  },
  "total_time_s": 118.87637186050415
}