{
  "config": {
    "env_name": "stable_linear",
    "latent_dim": 16,
    "capacity": "large",
    "use_sigreg": false,
    "protocol": "1step",
    "seed": 0,
    "oracle": false,
    "n_steps": 20000,
    "batch_size": 8192,
    "lr": 0.0003,
    "wd": 0.0001,
    "lam_reg": 1.0
  },
  "final_train_loss": 0.00017522351117804646,
  "final_val_mse": 0.0001904275210108608,
  "marginal_kl": 26.944522857666016,
  "eff_latent_dim": 6,
  "wall_time_s": 83.52883958816528,
  "ak_metrics": {
    "jacobian": {
      "1": 1.3766619265079498,
      "5": 2.5853342175483705,
      "10": 2.9485506057739257,
      "25": NaN,
      "50": NaN
    },
    "perturbation": {
      "1": 0.739276727437973,
      "5": 0.6448439501225949,
      "10": 0.556156195923686,
      "25": 0.21542918086983265,
      "50": 0.02325772522133775
    },
    "traj_div": {
      "1": 0.7370875605940819,
      "5": 0.7467050564289093,
      "10": 0.6277944304794073,
      "25": 0.2227413327479735,
      "50": 0.024355657464184333
    }
  },
  "gt_ak": {
    "1": 0.9,
    "5": 0.59049,
    "10": 0.3486784400999998,
    "25": 0.07178979876918516,
    "50": 0.005153775207320101
  },
  "total_time_s": 92.30195164680481
}