{
  "config": {
    "env_name": "lorenz",
    "latent_dim": 16,
    "capacity": "large",
    "use_sigreg": true,
    "protocol": "5step",
    "seed": 3,
    "oracle": false,
    "n_steps": 20000,
    "batch_size": 8192,
    "lr": 0.0003,
    "wd": 0.0001,
    "lam_reg": 1.0
  },
  "final_train_loss": 0.06370809674263,
  "final_val_mse": 0.0006098203826695681,
  "marginal_kl": 1.6598914861679077,
  "eff_latent_dim": 10,
  "wall_time_s": 298.2168743610382,
  "ak_metrics": {
    "jacobian": {
      "1": 1.459372091293335,
      "5": 3.7776192367076873,
      "10": 6.317281270027161,
      "25": NaN,
      "50": NaN
    },
    "perturbation": {
      "1": 0.7706093883514404,
      "5": 0.9653188219666481,
      "10": 1.7114367955178023,
      "25": 4.141284946501255,
      "50": 3.9933570112287997
    },
    "traj_div": {
      "1": 0.8017543226480484,
      "5": 1.0475442500412464,
      "10": 1.793085185289383,
      "25": 3.082682117596269,
      "50": 3.853846401888877
    }
  },
  "gt_ak": {
    "1": 0.9617653891676228,
    "5": 0.9058524331294783,
    "10": 0.8677002309387756,
    "25": 1.8261797415454353,
    "50": 5.016257899177928
  },
  "total_time_s": 307.2141041755676
}