{
  "config": {
    "env_name": "spiral_2d",
    "latent_dim": 2,
    "capacity": "small",
    "use_sigreg": true,
    "protocol": "1step",
    "seed": 4,
    "oracle": false,
    "n_steps": 20000,
    "batch_size": 8192,
    "lr": 0.0003,
    "wd": 0.0001,
    "lam_reg": 1.0
  },
  "final_train_loss": 0.001779276179149747,
  "final_val_mse": 0.0009062551835086197,
  "marginal_kl": 0.04053680598735809,
  "eff_latent_dim": 2,
  "wall_time_s": 92.79701328277588,
  "ak_metrics": {
    "jacobian": {
      "1": 1.0581471741199493,
      "5": 1.2586499214172364,
      "10": 1.4107247829437255,
      "25": NaN,
      "50": NaN
    },
    "perturbation": {
      "1": 0.9789551562070846,
      "5": 0.9634104070067405,
      "10": 1.0527296927571297,
      "25": 1.311567969918251,
      "50": 1.6278539365530014
    },
    "traj_div": {
      "1": 0.97355260014534,
      "5": 0.9390056544542312,
      "10": 1.0654021434485912,
      "25": 1.4339413972198962,
      "50": 1.6618750123493373
    }
  },
  "gt_ak": {
    "1": 1.05,
    "5": 1.2762815625000001,
    "10": 1.6288946267774416,
    "25": 3.386354940899387,
    "50": 11.467399785753683
  },
  "total_time_s": 95.37744164466858
}