{
  "config": {
    "env_name": "spiral_2d",
    "latent_dim": 16,
    "capacity": "small",
    "use_sigreg": false,
    "protocol": "5step",
    "seed": 1,
    "oracle": false,
    "n_steps": 20000,
    "batch_size": 8192,
    "lr": 0.0003,
    "wd": 0.0001,
    "lam_reg": 1.0
  },
  "final_train_loss": 6.355878829956055,
  "final_val_mse": 0.21415575295686723,
  "marginal_kl": 964.0960083007812,
  "eff_latent_dim": 2,
  "wall_time_s": 181.98982524871826,
  "ak_metrics": {
    "jacobian": {
      "1": 1.3489375710487366,
      "5": 2.5861130952835083,
      "10": 3.5775146782398224,
      "25": NaN,
      "50": NaN
    },
    "perturbation": {
      "1": 0.5930239737033844,
      "5": 0.6360685717314482,
      "10": 0.9460039614886046,
      "25": 1.160529508292675,
      "50": 0.7254955069720745
    },
    "traj_div": {
      "1": 0.5749335351586342,
      "5": 0.6766874292492866,
      "10": 0.8332370221614838,
      "25": 1.3378277707844972,
      "50": 0.6739934689737856
    }
  },
  "gt_ak": {
    "1": 1.05,
    "5": 1.2762815625000001,
    "10": 1.6288946267774416,
    "25": 3.386354940899387,
    "50": 11.467399785753683
  },
  "total_time_s": 186.8908257484436
}