{
  "config": {
    "env_name": "lorenz",
    "latent_dim": 16,
    "capacity": "small",
    "use_sigreg": true,
    "protocol": "1step",
    "seed": 0,
    "oracle": false,
    "n_steps": 20000,
    "batch_size": 8192,
    "lr": 0.0003,
    "wd": 0.0001,
    "lam_reg": 1.0
  },
  "final_train_loss": 0.05965913459658623,
  "final_val_mse": 0.003131973254494369,
  "marginal_kl": 1.3872828483581543,
  "eff_latent_dim": 10,
  "wall_time_s": 95.42422151565552,
  "ak_metrics": {
    "jacobian": {
      "1": 2.0559525191783905,
      "5": 22.35902795791626,
      "10": 192.85138301849366,
      "25": NaN,
      "50": NaN
    },
    "perturbation": {
      "1": 1.1876162219047546,
      "5": 5.653677730560303,
      "10": 36.0716280066967,
      "25": 3398.4051644897463,
      "50": 8197537.159453125
    },
    "traj_div": {
      "1": 1.1658832490444184,
      "5": 5.334947030544281,
      "10": 34.30692840337753,
      "25": 3416.372148036957,
      "50": 3704463.1601953125
    }
  },
  "gt_ak": {
    "1": 0.9617653891676228,
    "5": 0.9058524331294783,
    "10": 0.8677002309387756,
    "25": 1.8261797415454353,
    "50": 5.016257899177928
  },
  "total_time_s": 100.50838899612427
}