{
  "config": {
    "env_name": "lorenz",
    "latent_dim": 16,
    "capacity": "small",
    "use_sigreg": false,
    "protocol": "1step",
    "seed": 1,
    "oracle": false,
    "n_steps": 20000,
    "batch_size": 8192,
    "lr": 0.0003,
    "wd": 0.0001,
    "lam_reg": 1.0
  },
  "final_train_loss": 0.03242463618516922,
  "final_val_mse": 0.030089510977268218,
  "marginal_kl": 640.1548461914062,
  "eff_latent_dim": 4,
  "wall_time_s": 69.23078989982605,
  "ak_metrics": {
    "jacobian": {
      "1": 1.3749364554882049,
      "5": 3.337619149684906,
      "10": 5.926406335830689,
      "25": NaN,
      "50": NaN
    },
    "perturbation": {
      "1": 1.0055772215127945,
      "5": 1.2211030703783035,
      "10": 1.7608377993106843,
      "25": 3.4300614953041078,
      "50": 20677.186405308246
    },
    "traj_div": {
      "1": 1.0050427740812302,
      "5": 1.2748071819543838,
      "10": 1.7087145149707794,
      "25": 2.4442135310173034,
      "50": 3.3238268154859543
    }
  },
  "gt_ak": {
    "1": 0.9617653891676228,
    "5": 0.9058524331294783,
    "10": 0.8677002309387756,
    "25": 1.8261797415454353,
    "50": 5.016257899177928
  },
  "total_time_s": 73.8851945400238
}