{
  "config": {
    "env_name": "spiral_2d",
    "latent_dim": 16,
    "capacity": "small",
    "use_sigreg": false,
    "protocol": "1step",
    "seed": 0,
    "oracle": false,
    "n_steps": 20000,
    "batch_size": 8192,
    "lr": 0.0003,
    "wd": 0.0001,
    "lam_reg": 1.0
  },
  "final_train_loss": 0.019144024699926376,
  "final_val_mse": 0.018880884721875192,
  "marginal_kl": 1476.15185546875,
  "eff_latent_dim": 4,
  "wall_time_s": 71.94988012313843,
  "ak_metrics": {
    "jacobian": {
      "1": 1.3307908594608306,
      "5": 2.6145432114601137,
      "10": 3.568566083908081,
      "25": NaN,
      "50": NaN
    },
    "perturbation": {
      "1": 0.7295823809504509,
      "5": 0.8971683219075203,
      "10": 1.161355284154415,
      "25": 1.6910105139017104,
      "50": 2.5463961097598076
    },
    "traj_div": {
      "1": 0.7053975430130959,
      "5": 0.8768114426732063,
      "10": 1.108502937555313,
      "25": 1.726118495464325,
      "50": 2.2399026571959255
    }
  },
  "gt_ak": {
    "1": 1.05,
    "5": 1.2762815625000001,
    "10": 1.6288946267774416,
    "25": 3.386354940899387,
    "50": 11.467399785753683
  },
  "total_time_s": 76.64665794372559
}