{
  "config": {
    "env_name": "lorenz",
    "latent_dim": 16,
    "capacity": "small",
    "use_sigreg": false,
    "protocol": "5step",
    "seed": 0,
    "oracle": false,
    "n_steps": 20000,
    "batch_size": 8192,
    "lr": 0.0003,
    "wd": 0.0001,
    "lam_reg": 1.0
  },
  "final_train_loss": 0.0775558203458786,
  "final_val_mse": 0.004510271456092596,
  "marginal_kl": 399.3502197265625,
  "eff_latent_dim": 6,
  "wall_time_s": 178.873548746109,
  "ak_metrics": {
    "jacobian": {
      "1": 1.1889832258224486,
      "5": 2.1188341319561004,
      "10": 3.4352149605751037,
      "25": NaN,
      "50": NaN
    },
    "perturbation": {
      "1": 0.8843663209676742,
      "5": 0.9514821773767471,
      "10": 1.1502560099959374,
      "25": 1.6200680062174797,
      "50": 3.032724106013775
    },
    "traj_div": {
      "1": 0.8691013473272323,
      "5": 0.9225383058190346,
      "10": 1.08157456189394,
      "25": 1.5826677110791207,
      "50": 2.425488561689854
    }
  },
  "gt_ak": {
    "1": 0.9617653891676228,
    "5": 0.9058524331294783,
    "10": 0.8677002309387756,
    "25": 1.8261797415454353,
    "50": 5.016257899177928
  },
  "total_time_s": 183.73810720443726
}