{
  "config": {
    "env_name": "lorenz",
    "latent_dim": 16,
    "capacity": "small",
    "use_sigreg": true,
    "protocol": "1step",
    "seed": 2,
    "oracle": false,
    "n_steps": 20000,
    "batch_size": 8192,
    "lr": 0.0003,
    "wd": 0.0001,
    "lam_reg": 1.0
  },
  "final_train_loss": 0.048611029982566833,
  "final_val_mse": 0.002065323805436492,
  "marginal_kl": 1.5255863666534424,
  "eff_latent_dim": 10,
  "wall_time_s": 89.37803292274475,
  "ak_metrics": {
    "jacobian": {
      "1": 1.7705276489257813,
      "5": 10.737317490577698,
      "10": 67.0657904624939,
      "25": NaN,
      "50": NaN
    },
    "perturbation": {
      "1": 1.1011258119344711,
      "5": 3.3905539679527283,
      "10": 14.819653840065003,
      "25": 1614.3966826343537,
      "50": 621649.9088220214
    },
    "traj_div": {
      "1": 1.0814663118124008,
      "5": 3.3615103191137314,
      "10": 20.07212776184082,
      "25": 1984.8908472061157,
      "50": 731707.675935669
    }
  },
  "gt_ak": {
    "1": 0.9617653891676228,
    "5": 0.9058524331294783,
    "10": 0.8677002309387756,
    "25": 1.8261797415454353,
    "50": 5.016257899177928
  },
  "total_time_s": 93.69166040420532
}