{
  "config": {
    "env_name": "lorenz",
    "latent_dim": 16,
    "capacity": "large",
    "use_sigreg": false,
    "protocol": "1step",
    "seed": 0,
    "oracle": false,
    "n_steps": 20000,
    "batch_size": 8192,
    "lr": 0.0003,
    "wd": 0.0001,
    "lam_reg": 1.0
  },
  "final_train_loss": 0.0038488595746457577,
  "final_val_mse": 0.0037098449189215898,
  "marginal_kl": 18.817867279052734,
  "eff_latent_dim": 7,
  "wall_time_s": 89.14957118034363,
  "ak_metrics": {
    "jacobian": {
      "1": 1.294667613506317,
      "5": 3.049355220794678,
      "10": 6.492473220825195,
      "25": NaN,
      "50": NaN
    },
    "perturbation": {
      "1": 0.9183663707971573,
      "5": 1.1851710748672486,
      "10": 1.877131993174553,
      "25": 7.489793103337288,
      "50": 34.01924322903156
    },
    "traj_div": {
      "1": 0.9120438474416733,
      "5": 1.0992550167441368,
      "10": 2.1823302447795867,
      "25": 7.096982833743096,
      "50": 36.567999683618545
    }
  },
  "gt_ak": {
    "1": 0.9617653891676228,
    "5": 0.9058524331294783,
    "10": 0.8677002309387756,
    "25": 1.8261797415454353,
    "50": 5.016257899177928
  },
  "total_time_s": 98.35661840438843
}