{
  "config": {
    "env_name": "spiral_2d",
    "latent_dim": 16,
    "capacity": "small",
    "use_sigreg": true,
    "protocol": "1step",
    "seed": 2,
    "oracle": false,
    "n_steps": 20000,
    "batch_size": 8192,
    "lr": 0.0003,
    "wd": 0.0001,
    "lam_reg": 1.0
  },
  "final_train_loss": 0.048612404614686966,
  "final_val_mse": 0.0009251880866941065,
  "marginal_kl": 3.1385817527770996,
  "eff_latent_dim": 5,
  "wall_time_s": 92.41414308547974,
  "ak_metrics": {
    "jacobian": {
      "1": 1.34307604432106,
      "5": 2.1684022307395936,
      "10": 3.6260777711868286,
      "25": NaN,
      "50": NaN
    },
    "perturbation": {
      "1": 0.8698211705684662,
      "5": 0.8333161672949791,
      "10": 1.0075130534172059,
      "25": 3.2068882474303244,
      "50": 15.335570596680045
    },
    "traj_div": {
      "1": 0.8637562769651413,
      "5": 0.8476157885789871,
      "10": 1.0736227095127107,
      "25": 3.032405914366245,
      "50": 11.125441441778094
    }
  },
  "gt_ak": {
    "1": 1.05,
    "5": 1.2762815625000001,
    "10": 1.6288946267774416,
    "25": 3.386354940899387,
    "50": 11.467399785753683
  },
  "total_time_s": 97.19429302215576
}