{
  "config": {
    "env_name": "stable_linear",
    "latent_dim": 16,
    "capacity": "small",
    "use_sigreg": true,
    "protocol": "5step",
    "seed": 0,
    "oracle": false,
    "n_steps": 20000,
    "batch_size": 8192,
    "lr": 0.0003,
    "wd": 0.0001,
    "lam_reg": 1.0
  },
  "final_train_loss": 0.19908559322357178,
  "final_val_mse": 0.0012126458692364394,
  "marginal_kl": 51.85871887207031,
  "eff_latent_dim": 10,
  "wall_time_s": 219.5387728214264,
  "ak_metrics": {
    "jacobian": {
      "1": 1.577991783618927,
      "5": 4.437987589836121,
      "10": 4.107820698618889,
      "25": NaN,
      "50": NaN
    },
    "perturbation": {
      "1": 1.0275586807727815,
      "5": 1.7891317814588548,
      "10": 1.4775322552770376,
      "25": 0.2881572508532554,
      "50": 0.06266686332877726
    },
    "traj_div": {
      "1": 1.0018683463335036,
      "5": 1.7488328629732133,
      "10": 1.5569387327879667,
      "25": 0.3318688092380762,
      "50": 0.02300989716692129
    }
  },
  "gt_ak": {
    "1": 0.9,
    "5": 0.59049,
    "10": 0.3486784400999998,
    "25": 0.07178979876918516,
    "50": 0.005153775207320101
  },
  "total_time_s": 223.92849683761597
}