{
  "config": {
    "env_name": "spiral_2d",
    "latent_dim": 16,
    "capacity": "small",
    "use_sigreg": true,
    "protocol": "5step",
    "seed": 4,
    "oracle": false,
    "n_steps": 20000,
    "batch_size": 8192,
    "lr": 0.0003,
    "wd": 0.0001,
    "lam_reg": 1.0
  },
  "final_train_loss": 0.04663699492812157,
  "final_val_mse": 0.0008164407918229699,
  "marginal_kl": 3.208843231201172,
  "eff_latent_dim": 5,
  "wall_time_s": 214.9591202735901,
  "ak_metrics": {
    "jacobian": {
      "1": 1.2342153906822204,
      "5": 1.7149849891662599,
      "10": 2.100880616903305,
      "25": NaN,
      "50": NaN
    },
    "perturbation": {
      "1": 0.8281249558925629,
      "5": 0.6144419474899769,
      "10": 0.7438449964672327,
      "25": 1.0729107035696506,
      "50": 2.6626233110576867
    },
    "traj_div": {
      "1": 0.7967582392692566,
      "5": 0.6480977371335029,
      "10": 0.6946097782254219,
      "25": 1.059467305392027,
      "50": 2.596547330468893
    }
  },
  "gt_ak": {
    "1": 1.05,
    "5": 1.2762815625000001,
    "10": 1.6288946267774416,
    "25": 3.386354940899387,
    "50": 11.467399785753683
  },
  "total_time_s": 219.59152150154114
}