{
  "config": {
    "env_name": "stable_linear",
    "latent_dim": 16,
    "capacity": "large",
    "use_sigreg": false,
    "protocol": "1step",
    "seed": 2,
    "oracle": false,
    "n_steps": 20000,
    "batch_size": 8192,
    "lr": 0.0003,
    "wd": 0.0001,
    "lam_reg": 1.0
  },
  "final_train_loss": 3.170847412548028e-05,
  "final_val_mse": 2.793111234495882e-05,
  "marginal_kl": 13.546731948852539,
  "eff_latent_dim": 5,
  "wall_time_s": 87.38348817825317,
  "ak_metrics": {
    "jacobian": {
      "1": 1.5343416690826417,
      "5": 3.2173592329025267,
      "10": 4.195866131782532,
      "25": NaN,
      "50": NaN
    },
    "perturbation": {
      "1": 0.7628748059272766,
      "5": 0.9093892824649811,
      "10": 1.0161779312044381,
      "25": 2.353884297851473,
      "50": 1.1200968989054672
    },
    "traj_div": {
      "1": 0.7695964461565018,
      "5": 0.8488545006513596,
      "10": 0.9657257175445557,
      "25": 1.6176198911294342,
      "50": 0.8814203807467129
    }
  },
  "gt_ak": {
    "1": 0.9,
    "5": 0.59049,
    "10": 0.3486784400999998,
    "25": 0.07178979876918516,
    "50": 0.005153775207320101
  },
  "total_time_s": 96.43106007575989
}