{
  "config": {
    "env_name": "spiral_2d",
    "latent_dim": 32,
    "capacity": "small",
    "use_sigreg": true,
    "protocol": "1step",
    "seed": 1,
    "oracle": false,
    "n_steps": 20000,
    "batch_size": 8192,
    "lr": 0.0003,
    "wd": 0.0001,
    "lam_reg": 1.0
  },
  "final_train_loss": 0.21458373963832855,
  "final_val_mse": 0.0035421115811914206,
  "marginal_kl": 3.948082447052002,
  "eff_latent_dim": 9,
  "wall_time_s": 90.87764859199524,
  "ak_metrics": {
    "jacobian": {
      "1": 2.052099347114563,
      "5": 6.056478190422058,
      "10": 13.270931768417359,
      "25": NaN,
      "50": NaN
    },
    "perturbation": {
      "1": 1.0582402884960174,
      "5": 1.658968431353569,
      "10": 2.776096548438072,
      "25": 8.8905521941185,
      "50": 6.729486074745655
    },
    "traj_div": {
      "1": 1.0599315798282622,
      "5": 1.708834743499756,
      "10": 2.947953229546547,
      "25": 7.624067770540714,
      "50": 5.803077301136218
    }
  },
  "gt_ak": {
    "1": 1.05,
    "5": 1.2762815625000001,
    "10": 1.6288946267774416,
    "25": 3.386354940899387,
    "50": 11.467399785753683
  },
  "total_time_s": 97.85906863212585
}