{
  "config": {
    "env_name": "stable_linear",
    "latent_dim": 16,
    "capacity": "small",
    "use_sigreg": true,
    "protocol": "5step",
    "seed": 2,
    "oracle": false,
    "n_steps": 20000,
    "batch_size": 8192,
    "lr": 0.0003,
    "wd": 0.0001,
    "lam_reg": 1.0
  },
  "final_train_loss": 0.29629290103912354,
  "final_val_mse": 0.0010193780530244113,
  "marginal_kl": 55.77832794189453,
  "eff_latent_dim": 10,
  "wall_time_s": 223.85793352127075,
  "ak_metrics": {
    "jacobian": {
      "1": 1.6702073395252228,
      "5": 6.591015386581421,
      "10": 7.2280472874641415,
      "25": NaN,
      "50": NaN
    },
    "perturbation": {
      "1": 1.0336220544576644,
      "5": 1.6692693075537681,
      "10": 1.4150419431179762,
      "25": 0.20523194638546557,
      "50": 0.011890632588329026
    },
    "traj_div": {
      "1": 1.0439301943778991,
      "5": 1.8720823557674884,
      "10": 1.5865015059709549,
      "25": 0.2030506262369454,
      "50": 0.012791268017026595
    }
  },
  "gt_ak": {
    "1": 0.9,
    "5": 0.59049,
    "10": 0.3486784400999998,
    "25": 0.07178979876918516,
    "50": 0.005153775207320101
  },
  "total_time_s": 227.99725008010864
}