{
  "config": {
    "env_name": "spiral_2d",
    "latent_dim": 16,
    "capacity": "small",
    "use_sigreg": true,
    "protocol": "1step",
    "seed": 1,
    "oracle": false,
    "n_steps": 20000,
    "batch_size": 8192,
    "lr": 0.0003,
    "wd": 0.0001,
    "lam_reg": 1.0
  },
  "final_train_loss": 0.075202077627182,
  "final_val_mse": 0.0010738678625784813,
  "marginal_kl": 3.364734649658203,
  "eff_latent_dim": 5,
  "wall_time_s": 92.3890311717987,
  "ak_metrics": {
    "jacobian": {
      "1": 1.443477177619934,
      "5": 2.5653458714485167,
      "10": 3.788986599445343,
      "25": NaN,
      "50": NaN
    },
    "perturbation": {
      "1": 0.9013979810476304,
      "5": 0.9510116001963616,
      "10": 1.1535994298756123,
      "25": 2.27503708332777,
      "50": 3.041172310113907
    },
    "traj_div": {
      "1": 0.8997790348529816,
      "5": 0.9540390014648438,
      "10": 1.186350910961628,
      "25": 1.9795220935344695,
      "50": 3.6482544234395027
    }
  },
  "gt_ak": {
    "1": 1.05,
    "5": 1.2762815625000001,
    "10": 1.6288946267774416,
    "25": 3.386354940899387,
    "50": 11.467399785753683
  },
  "total_time_s": 97.19146656990051
}