{
  "config": {
    "env_name": "stable_linear",
    "latent_dim": 16,
    "capacity": "small",
    "use_sigreg": true,
    "protocol": "5step",
    "seed": 3,
    "oracle": false,
    "n_steps": 20000,
    "batch_size": 8192,
    "lr": 0.0003,
    "wd": 0.0001,
    "lam_reg": 1.0
  },
  "final_train_loss": 0.28921666741371155,
  "final_val_mse": 0.0011305298772640525,
  "marginal_kl": 52.3155517578125,
  "eff_latent_dim": 10,
  "wall_time_s": 210.5089406967163,
  "ak_metrics": {
    "jacobian": {
      "1": 1.6621270179748535,
      "5": 4.941119694709778,
      "10": 5.1490585029125215,
      "25": NaN,
      "50": NaN
    },
    "perturbation": {
      "1": 1.019309294819832,
      "5": 1.5782488298416137,
      "10": 1.4820165832340717,
      "25": 0.15154810598585755,
      "50": 0.011723800062900408
    },
    "traj_div": {
      "1": 1.0098810696601868,
      "5": 1.6713547062873841,
      "10": 1.5926254953444003,
      "25": 0.1872769471630454,
      "50": 0.012889777148375288
    }
  },
  "gt_ak": {
    "1": 0.9,
    "5": 0.59049,
    "10": 0.3486784400999998,
    "25": 0.07178979876918516,
    "50": 0.005153775207320101
  },
  "total_time_s": 215.49010825157166
}