{
  "config": {
    "env_name": "stable_linear",
    "latent_dim": 16,
    "capacity": "large",
    "use_sigreg": true,
    "protocol": "5step",
    "seed": 0,
    "oracle": false,
    "n_steps": 20000,
    "batch_size": 8192,
    "lr": 0.0003,
    "wd": 0.0001,
    "lam_reg": 1.0
  },
  "final_train_loss": 0.16427499055862427,
  "final_val_mse": 0.0005612335109617562,
  "marginal_kl": 47.84397506713867,
  "eff_latent_dim": 10,
  "wall_time_s": 295.52150893211365,
  "ak_metrics": {
    "jacobian": {
      "1": 1.7602267563343048,
      "5": 5.442520070075989,
      "10": 5.196232172846794,
      "25": NaN,
      "50": NaN
    },
    "perturbation": {
      "1": 0.9044910457730293,
      "5": 1.3588726896047592,
      "10": 1.1221627408266068,
      "25": 0.21993426522240042,
      "50": 0.03292901439010166
    },
    "traj_div": {
      "1": 0.9101565587520599,
      "5": 1.5962428624927998,
      "10": 1.6252632702142,
      "25": 0.2149162604380399,
      "50": 0.028777311663143335
    }
  },
  "gt_ak": {
    "1": 0.9,
    "5": 0.59049,
    "10": 0.3486784400999998,
    "25": 0.07178979876918516,
    "50": 0.005153775207320101
  },
  "total_time_s": 302.84543323516846
}