{
  "config": {
    "env_name": "stable_linear",
    "latent_dim": 16,
    "capacity": "small",
    "use_sigreg": false,
    "protocol": "1step",
    "seed": 1,
    "oracle": false,
    "n_steps": 20000,
    "batch_size": 8192,
    "lr": 0.0003,
    "wd": 0.0001,
    "lam_reg": 1.0
  },
  "final_train_loss": 0.008463405072689056,
  "final_val_mse": 0.008283154014497996,
  "marginal_kl": 40.06903076171875,
  "eff_latent_dim": 3,
  "wall_time_s": 71.5262463092804,
  "ak_metrics": {
    "jacobian": {
      "1": 1.4165138185024262,
      "5": 2.7356511116027833,
      "10": 4.006750595569611,
      "25": NaN,
      "50": NaN
    },
    "perturbation": {
      "1": 0.7510676860809327,
      "5": 0.8348448777198791,
      "10": 1.0677794867753982,
      "25": 1.705338929668069,
      "50": 1.624597855778411
    },
    "traj_div": {
      "1": 0.7526248383522034,
      "5": 0.821137932240963,
      "10": 0.9572907158732414,
      "25": 1.7682531332969667,
      "50": 1.2370053763408213
    }
  },
  "gt_ak": {
    "1": 0.9,
    "5": 0.59049,
    "10": 0.3486784400999998,
    "25": 0.07178979876918516,
    "50": 0.005153775207320101
  },
  "total_time_s": 75.93344640731812
}