{
  "config": {
    "env_name": "lorenz",
    "latent_dim": 16,
    "capacity": "small",
    "use_sigreg": true,
    "protocol": "1step",
    "seed": 1,
    "oracle": false,
    "n_steps": 20000,
    "batch_size": 8192,
    "lr": 0.0003,
    "wd": 0.0001,
    "lam_reg": 1.0
  },
  "final_train_loss": 0.03730360046029091,
  "final_val_mse": 0.0019075947580859064,
  "marginal_kl": 1.6606597900390625,
  "eff_latent_dim": 10,
  "wall_time_s": 91.30385088920593,
  "ak_metrics": {
    "jacobian": {
      "1": 1.8508867263793944,
      "5": 12.918001580238343,
      "10": 85.36202402114868,
      "25": NaN,
      "50": NaN
    },
    "perturbation": {
      "1": 1.1288260239362717,
      "5": 3.523905688524246,
      "10": 14.381907584667205,
      "25": 1238.68598528862,
      "50": 1898005.85951828
    },
    "traj_div": {
      "1": 1.1228743994235992,
      "5": 3.612915508747101,
      "10": 16.30415083169937,
      "25": 788.6979060363769,
      "50": 892777.9487405396
    }
  },
  "gt_ak": {
    "1": 0.9617653891676228,
    "5": 0.9058524331294783,
    "10": 0.8677002309387756,
    "25": 1.8261797415454353,
    "50": 5.016257899177928
  },
  "total_time_s": 95.5582628250122
}