{
  "config": {
    "env_name": "lorenz",
    "latent_dim": 16,
    "capacity": "large",
    "use_sigreg": false,
    "protocol": "5step",
    "seed": 0,
    "oracle": false,
    "n_steps": 20000,
    "batch_size": 8192,
    "lr": 0.0003,
    "wd": 0.0001,
    "lam_reg": 1.0
  },
  "final_train_loss": 0.003779248334467411,
  "final_val_mse": 0.0005255399737507105,
  "marginal_kl": 23.199033737182617,
  "eff_latent_dim": 5,
  "wall_time_s": 257.8711395263672,
  "ak_metrics": {
    "jacobian": {
      "1": 1.1904609620571136,
      "5": 1.7564908504486083,
      "10": 2.321679103374481,
      "25": NaN,
      "50": NaN
    },
    "perturbation": {
      "1": 0.5561158911883831,
      "5": 0.5369335606694221,
      "10": 0.5277092462033033,
      "25": 0.7805785775184632,
      "50": 1.2729062976315617
    },
    "traj_div": {
      "1": 0.5522073802351951,
      "5": 0.49065130785107613,
      "10": 0.5905087868124247,
      "25": 0.8081345049291849,
      "50": 0.9786980453878641
    }
  },
  "gt_ak": {
    "1": 0.9617653891676228,
    "5": 0.9058524331294783,
    "10": 0.8677002309387756,
    "25": 1.8261797415454353,
    "50": 5.016257899177928
  },
  "total_time_s": 266.450391292572
}