{
  "config": {
    "env_name": "spiral_2d",
    "latent_dim": 16,
    "capacity": "small",
    "use_sigreg": false,
    "protocol": "1step",
    "seed": 1,
    "oracle": false,
    "n_steps": 20000,
    "batch_size": 8192,
    "lr": 0.0003,
    "wd": 0.0001,
    "lam_reg": 1.0
  },
  "final_train_loss": 0.003417381551116705,
  "final_val_mse": 0.003433788544498384,
  "marginal_kl": 1626.2138671875,
  "eff_latent_dim": 3,
  "wall_time_s": 72.54879426956177,
  "ak_metrics": {
    "jacobian": {
      "1": 1.6932342529296875,
      "5": 4.9385076522827145,
      "10": 6.8892302989959715,
      "25": NaN,
      "50": NaN
    },
    "perturbation": {
      "1": 0.832284372150898,
      "5": 1.510163037776947,
      "10": 1.9168191415071487,
      "25": 4.160102544128895,
      "50": 6.093906564712524
    },
    "traj_div": {
      "1": 0.8627152782678604,
      "5": 1.489440637230873,
      "10": 1.8521059015393257,
      "25": 3.9767853307723997,
      "50": 6.721084466725588
    }
  },
  "gt_ak": {
    "1": 1.05,
    "5": 1.2762815625000001,
    "10": 1.6288946267774416,
    "25": 3.386354940899387,
    "50": 11.467399785753683
  },
  "total_time_s": 77.23793649673462
}