{
  "config": {
    "env_name": "stable_linear",
    "latent_dim": 16,
    "capacity": "large",
    "use_sigreg": true,
    "protocol": "5step",
    "seed": 1,
    "oracle": false,
    "n_steps": 20000,
    "batch_size": 8192,
    "lr": 0.0003,
    "wd": 0.0001,
    "lam_reg": 1.0
  },
  "final_train_loss": 0.25332361459732056,
  "final_val_mse": 0.0005238587851636112,
  "marginal_kl": 48.03287887573242,
  "eff_latent_dim": 9,
  "wall_time_s": 287.2487027645111,
  "ak_metrics": {
    "jacobian": {
      "1": 1.9596254110336304,
      "5": 6.8280074685812,
      "10": 9.13853341639042,
      "25": NaN,
      "50": NaN
    },
    "perturbation": {
      "1": 0.9244517248868942,
      "5": 2.1211431932449343,
      "10": 2.1654937582835556,
      "25": 0.2849087101733312,
      "50": 0.07507071640226058
    },
    "traj_div": {
      "1": 0.9378593277931213,
      "5": 1.8914982923865318,
      "10": 2.2783697616308927,
      "25": 0.24555427664890886,
      "50": 0.04757880076067522
    }
  },
  "gt_ak": {
    "1": 0.9,
    "5": 0.59049,
    "10": 0.3486784400999998,
    "25": 0.07178979876918516,
    "50": 0.005153775207320101
  },
  "total_time_s": 296.2058913707733
}