{
  "config": {
    "env_name": "spiral_2d",
    "latent_dim": 16,
    "capacity": "small",
    "use_sigreg": true,
    "protocol": "1step",
    "seed": 0,
    "oracle": false,
    "n_steps": 20000,
    "batch_size": 8192,
    "lr": 0.0003,
    "wd": 0.0001,
    "lam_reg": 1.0
  },
  "final_train_loss": 0.04202654957771301,
  "final_val_mse": 0.0010776757495477795,
  "marginal_kl": 3.309401035308838,
  "eff_latent_dim": 5,
  "wall_time_s": 80.33621573448181,
  "ak_metrics": {
    "jacobian": {
      "1": 1.3647065103054046,
      "5": 2.47404106259346,
      "10": 3.364959144592285,
      "25": NaN,
      "50": NaN
    },
    "perturbation": {
      "1": 0.892137034535408,
      "5": 0.8901016753911972,
      "10": 1.0141963243484498,
      "25": 1.8539219030737877,
      "50": 1.8951606440544129
    },
    "traj_div": {
      "1": 0.8895549839735031,
      "5": 0.9160971611738205,
      "10": 1.0899384012818336,
      "25": 1.986592155173421,
      "50": 2.575365018993616
    }
  },
  "gt_ak": {
    "1": 1.05,
    "5": 1.2762815625000001,
    "10": 1.6288946267774416,
    "25": 3.386354940899387,
    "50": 11.467399785753683
  },
  "total_time_s": 84.83917593955994
}