{
  "config": {
    "env_name": "lorenz",
    "latent_dim": 16,
    "capacity": "small",
    "use_sigreg": false,
    "protocol": "5step",
    "seed": 3,
    "oracle": false,
    "n_steps": 20000,
    "batch_size": 8192,
    "lr": 0.0003,
    "wd": 0.0001,
    "lam_reg": 1.0
  },
  "final_train_loss": 0.05763305723667145,
  "final_val_mse": 0.00422852742485702,
  "marginal_kl": 252.74703979492188,
  "eff_latent_dim": 4,
  "wall_time_s": 181.1917052268982,
  "ak_metrics": {
    "jacobian": {
      "1": 1.3213057041168212,
      "5": 2.5175680100917814,
      "10": 3.850844520330429,
      "25": NaN,
      "50": NaN
    },
    "perturbation": {
      "1": 0.7541317903995514,
      "5": 0.8159131973981857,
      "10": 0.9063520085811615,
      "25": 1.4147523733228444,
      "50": 3.9129895032197237
    },
    "traj_div": {
      "1": 0.7853529495000839,
      "5": 0.8168675383925438,
      "10": 1.0206801556050777,
      "25": 1.1720091569423676,
      "50": 2.8447498784959317
    }
  },
  "gt_ak": {
    "1": 0.9617653891676228,
    "5": 0.9058524331294783,
    "10": 0.8677002309387756,
    "25": 1.8261797415454353,
    "50": 5.016257899177928
  },
  "total_time_s": 185.9082019329071
}