{
  "config": {
    "env_name": "lorenz",
    "latent_dim": 16,
    "capacity": "large",
    "use_sigreg": true,
    "protocol": "1step",
    "seed": 4,
    "oracle": false,
    "n_steps": 20000,
    "batch_size": 8192,
    "lr": 0.0003,
    "wd": 0.0001,
    "lam_reg": 1.0
  },
  "final_train_loss": 0.047922126948833466,
  "final_val_mse": 0.0013391647720709444,
  "marginal_kl": 1.5443336963653564,
  "eff_latent_dim": 10,
  "wall_time_s": 107.3336501121521,
  "ak_metrics": {
    "jacobian": {
      "1": 2.3295801758766173,
      "5": 15.168791723251342,
      "10": 56.25733184814453,
      "25": NaN,
      "50": NaN
    },
    "perturbation": {
      "1": 1.1613800197839736,
      "5": 4.41968801021576,
      "10": 16.22857423901558,
      "25": 359.480000269413,
      "50": 14144.93897945404
    },
    "traj_div": {
      "1": 1.1377137756347657,
      "5": 5.196527742147445,
      "10": 15.523401914834976,
      "25": 301.99796548485756,
      "50": 5792.964573135376
    }
  },
  "gt_ak": {
    "1": 0.9617653891676228,
    "5": 0.9058524331294783,
    "10": 0.8677002309387756,
    "25": 1.8261797415454353,
    "50": 5.016257899177928
  },
  "total_time_s": 116.84853005409241
}