{
  "config": {
    "env_name": "stable_linear",
    "latent_dim": 16,
    "capacity": "large",
    "use_sigreg": false,
    "protocol": "5step",
    "seed": 2,
    "oracle": false,
    "n_steps": 20000,
    "batch_size": 8192,
    "lr": 0.0003,
    "wd": 0.0001,
    "lam_reg": 1.0
  },
  "final_train_loss": 0.00045407109428197145,
  "final_val_mse": 8.8580612646183e-05,
  "marginal_kl": 38.180694580078125,
  "eff_latent_dim": 3,
  "wall_time_s": 251.17552757263184,
  "ak_metrics": {
    "jacobian": {
      "1": 1.174065214395523,
      "5": 1.0431362509727478,
      "10": 0.7493859082460403,
      "25": NaN,
      "50": NaN
    },
    "perturbation": {
      "1": 0.546368125975132,
      "5": 0.3427932365238667,
      "10": 0.1840725593455136,
      "25": 0.03777031823818106,
      "50": 0.003174231091979891
    },
    "traj_div": {
      "1": 0.5481808908283711,
      "5": 0.31027576584368943,
      "10": 0.18584422213956714,
      "25": 0.037843479401781226,
      "50": 0.0026524394518492047
    }
  },
  "gt_ak": {
    "1": 0.9,
    "5": 0.59049,
    "10": 0.3486784400999998,
    "25": 0.07178979876918516,
    "50": 0.005153775207320101
  },
  "total_time_s": 259.3828430175781
}