{
  "config": {
    "env_name": "stable_linear",
    "latent_dim": 16,
    "capacity": "small",
    "use_sigreg": false,
    "protocol": "5step",
    "seed": 3,
    "oracle": false,
    "n_steps": 20000,
    "batch_size": 8192,
    "lr": 0.0003,
    "wd": 0.0001,
    "lam_reg": 1.0
  },
  "final_train_loss": 0.0005431030876934528,
  "final_val_mse": 0.00012560947943711652,
  "marginal_kl": 276.1264343261719,
  "eff_latent_dim": 3,
  "wall_time_s": 176.7939760684967,
  "ak_metrics": {
    "jacobian": {
      "1": 1.1572938680648803,
      "5": 1.2008553564548492,
      "10": 1.1773616075515747,
      "25": NaN,
      "50": NaN
    },
    "perturbation": {
      "1": 0.5685198974609375,
      "5": 0.34192541617900135,
      "10": 0.2717311042919755,
      "25": 0.17215180263854563,
      "50": 0.0839407655922696
    },
    "traj_div": {
      "1": 0.5774458461999893,
      "5": 0.32792770087718964,
      "10": 0.29768257776275275,
      "25": 0.14732301351148636,
      "50": 0.06977972685010173
    }
  },
  "gt_ak": {
    "1": 0.9,
    "5": 0.59049,
    "10": 0.3486784400999998,
    "25": 0.07178979876918516,
    "50": 0.005153775207320101
  },
  "total_time_s": 181.4965696334839
}