{
  "config": {
    "env_name": "spiral_2d",
    "latent_dim": 16,
    "capacity": "small",
    "use_sigreg": true,
    "protocol": "1step",
    "seed": 4,
    "oracle": false,
    "n_steps": 20000,
    "batch_size": 8192,
    "lr": 0.0003,
    "wd": 0.0001,
    "lam_reg": 1.0
  },
  "final_train_loss": 0.06532541662454605,
  "final_val_mse": 0.0012722831568680703,
  "marginal_kl": 3.099088430404663,
  "eff_latent_dim": 5,
  "wall_time_s": 92.25118327140808,
  "ak_metrics": {
    "jacobian": {
      "1": 1.3720347702503204,
      "5": 2.5010942041873934,
      "10": 3.4269301533699035,
      "25": NaN,
      "50": NaN
    },
    "perturbation": {
      "1": 0.903553301692009,
      "5": 0.9566125041246414,
      "10": 1.2247484833002091,
      "25": 2.441454249918461,
      "50": 6.904205242395401
    },
    "traj_div": {
      "1": 0.8761240273714066,
      "5": 0.9339176826179028,
      "10": 1.143922511190176,
      "25": 2.108305852711201,
      "50": 5.689656855016946
    }
  },
  "gt_ak": {
    "1": 1.05,
    "5": 1.2762815625000001,
    "10": 1.6288946267774416,
    "25": 3.386354940899387,
    "50": 11.467399785753683
  },
  "total_time_s": 96.66827750205994
}