{
  "config": {
    "env_name": "spiral_2d",
    "latent_dim": 16,
    "capacity": "large",
    "use_sigreg": false,
    "protocol": "1step",
    "seed": 1,
    "oracle": false,
    "n_steps": 20000,
    "batch_size": 8192,
    "lr": 0.0003,
    "wd": 0.0001,
    "lam_reg": 1.0
  },
  "final_train_loss": 0.0014563864096999168,
  "final_val_mse": 0.001451981463469565,
  "marginal_kl": 695.3742065429688,
  "eff_latent_dim": 4,
  "wall_time_s": 90.14687919616699,
  "ak_metrics": {
    "jacobian": {
      "1": 1.4134566605091095,
      "5": 2.8152180314064026,
      "10": 5.285347712039948,
      "25": NaN,
      "50": NaN
    },
    "perturbation": {
      "1": 0.842574815750122,
      "5": 1.079894870519638,
      "10": 1.473886359333992,
      "25": 1.6442355278134346,
      "50": 2.4923909276723863
    },
    "traj_div": {
      "1": 0.8407718902826309,
      "5": 1.0925893744826316,
      "10": 1.4646833267807962,
      "25": 1.824649584144354,
      "50": 2.3839363396167754
    }
  },
  "gt_ak": {
    "1": 1.05,
    "5": 1.2762815625000001,
    "10": 1.6288946267774416,
    "25": 3.386354940899387,
    "50": 11.467399785753683
  },
  "total_time_s": 99.15485954284668
}