{
  "config": {
    "env_name": "lorenz",
    "latent_dim": 16,
    "capacity": "large",
    "use_sigreg": true,
    "protocol": "5step",
    "seed": 2,
    "oracle": false,
    "n_steps": 20000,
    "batch_size": 8192,
    "lr": 0.0003,
    "wd": 0.0001,
    "lam_reg": 1.0
  },
  "final_train_loss": 0.0828312486410141,
  "final_val_mse": 0.0005934626213274896,
  "marginal_kl": 1.3436005115509033,
  "eff_latent_dim": 10,
  "wall_time_s": 290.07993268966675,
  "ak_metrics": {
    "jacobian": {
      "1": 1.4397671282291413,
      "5": 3.5920724093914034,
      "10": 6.995727217197418,
      "25": NaN,
      "50": NaN
    },
    "perturbation": {
      "1": 0.7697266131639481,
      "5": 0.8760684834420681,
      "10": 1.398638284727931,
      "25": 3.6696388751268385,
      "50": 4.240838207453489
    },
    "traj_div": {
      "1": 0.7662451106309891,
      "5": 0.9243695788085461,
      "10": 1.4015320856124163,
      "25": 3.123880376331508,
      "50": 4.397249703854323
    }
  },
  "gt_ak": {
    "1": 0.9617653891676228,
    "5": 0.9058524331294783,
    "10": 0.8677002309387756,
    "25": 1.8261797415454353,
    "50": 5.016257899177928
  },
  "total_time_s": 299.07166147232056
}