{
  "config": {
    "env_name": "spiral_2d",
    "latent_dim": 32,
    "capacity": "small",
    "use_sigreg": true,
    "protocol": "1step",
    "seed": 4,
    "oracle": false,
    "n_steps": 20000,
    "batch_size": 8192,
    "lr": 0.0003,
    "wd": 0.0001,
    "lam_reg": 1.0
  },
  "final_train_loss": 0.21670807898044586,
  "final_val_mse": 0.0040666730608791115,
  "marginal_kl": 3.883087158203125,
  "eff_latent_dim": 10,
  "wall_time_s": 87.71104097366333,
  "ak_metrics": {
    "jacobian": {
      "1": 2.157248246669769,
      "5": 6.422573781013488,
      "10": 15.22590880393982,
      "25": NaN,
      "50": NaN
    },
    "perturbation": {
      "1": 1.0848741686344148,
      "5": 1.7708011227846145,
      "10": 3.0875620073080063,
      "25": 6.250894578993321,
      "50": 7.1182751192897555
    },
    "traj_div": {
      "1": 1.0840711092948914,
      "5": 1.865767215490341,
      "10": 3.178290581703186,
      "25": 7.125045062303543,
      "50": 8.247935829043854
    }
  },
  "gt_ak": {
    "1": 1.05,
    "5": 1.2762815625000001,
    "10": 1.6288946267774416,
    "25": 3.386354940899387,
    "50": 11.467399785753683
  },
  "total_time_s": 93.91790747642517
}