{
  "config": {
    "env_name": "stable_linear",
    "latent_dim": 16,
    "capacity": "large",
    "use_sigreg": true,
    "protocol": "5step",
    "seed": 4,
    "oracle": false,
    "n_steps": 20000,
    "batch_size": 8192,
    "lr": 0.0003,
    "wd": 0.0001,
    "lam_reg": 1.0
  },
  "final_train_loss": 0.37779703736305237,
  "final_val_mse": 0.0006342338805552572,
  "marginal_kl": 51.62171173095703,
  "eff_latent_dim": 9,
  "wall_time_s": 308.5429847240448,
  "ak_metrics": {
    "jacobian": {
      "1": 1.6796231150627137,
      "5": 4.373552545905113,
      "10": 3.6106605052948,
      "25": NaN,
      "50": NaN
    },
    "perturbation": {
      "1": 0.8896483319997788,
      "5": 1.565810683965683,
      "10": 1.313506805449724,
      "25": 0.19498957383446394,
      "50": 0.08368522350327112
    },
    "traj_div": {
      "1": 0.9203212320804596,
      "5": 1.6283386480808257,
      "10": 1.515525990948081,
      "25": 0.19691441473551094,
      "50": 0.25652651727141346
    }
  },
  "gt_ak": {
    "1": 0.9,
    "5": 0.59049,
    "10": 0.3486784400999998,
    "25": 0.07178979876918516,
    "50": 0.005153775207320101
  },
  "total_time_s": 317.29977917671204
}