{
  "config": {
    "env_name": "lorenz",
    "latent_dim": 16,
    "capacity": "large",
    "use_sigreg": false,
    "protocol": "5step",
    "seed": 2,
    "oracle": false,
    "n_steps": 20000,
    "batch_size": 8192,
    "lr": 0.0003,
    "wd": 0.0001,
    "lam_reg": 1.0
  },
  "final_train_loss": 0.005528257228434086,
  "final_val_mse": 0.0006682969164103269,
  "marginal_kl": 41.730682373046875,
  "eff_latent_dim": 5,
  "wall_time_s": 252.43319010734558,
  "ak_metrics": {
    "jacobian": {
      "1": 1.2321497797966003,
      "5": 2.021795690059662,
      "10": 2.965988463163376,
      "25": NaN,
      "50": NaN
    },
    "perturbation": {
      "1": 0.6004619866609573,
      "5": 0.6048922100663185,
      "10": 0.6650343330949545,
      "25": 1.1158135712891817,
      "50": 1.227571361735463
    },
    "traj_div": {
      "1": 0.6413385182619095,
      "5": 0.6174501472711563,
      "10": 0.8138760448247194,
      "25": 1.1420697109401226,
      "50": 1.4381205675005913
    }
  },
  "gt_ak": {
    "1": 0.9617653891676228,
    "5": 0.9058524331294783,
    "10": 0.8677002309387756,
    "25": 1.8261797415454353,
    "50": 5.016257899177928
  },
  "total_time_s": 261.5780177116394
}