{
  "config": {
    "env_name": "stable_linear",
    "latent_dim": 16,
    "capacity": "large",
    "use_sigreg": true,
    "protocol": "1step",
    "seed": 1,
    "oracle": false,
    "n_steps": 20000,
    "batch_size": 8192,
    "lr": 0.0003,
    "wd": 0.0001,
    "lam_reg": 1.0
  },
  "final_train_loss": 0.315411239862442,
  "final_val_mse": 0.00027328676951583476,
  "marginal_kl": 49.21434020996094,
  "eff_latent_dim": 9,
  "wall_time_s": 106.00365662574768,
  "ak_metrics": {
    "jacobian": {
      "1": 2.189030569791794,
      "5": 10.653638195991515,
      "10": 15.277807652950287,
      "25": NaN,
      "50": NaN
    },
    "perturbation": {
      "1": 1.1826100164651872,
      "5": 3.736847968995571,
      "10": 6.123274016678334,
      "25": 6.712983635216951,
      "50": 64.21256228148937
    },
    "traj_div": {
      "1": 1.2420258593559266,
      "5": 3.82470365524292,
      "10": 6.489014931768179,
      "25": 4.9556424149870875,
      "50": 91.06451998144388
    }
  },
  "gt_ak": {
    "1": 0.9,
    "5": 0.59049,
    "10": 0.3486784400999998,
    "25": 0.07178979876918516,
    "50": 0.005153775207320101
  },
  "total_time_s": 114.99406027793884
}