{
  "config": {
    "env_name": "stable_linear",
    "latent_dim": 16,
    "capacity": "small",
    "use_sigreg": false,
    "protocol": "5step",
    "seed": 4,
    "oracle": false,
    "n_steps": 20000,
    "batch_size": 8192,
    "lr": 0.0003,
    "wd": 0.0001,
    "lam_reg": 1.0
  },
  "final_train_loss": 0.00012141888146288693,
  "final_val_mse": 4.100243531865999e-05,
  "marginal_kl": 111.92127990722656,
  "eff_latent_dim": 2,
  "wall_time_s": 175.5165662765503,
  "ak_metrics": {
    "jacobian": {
      "1": 1.1646380305290223,
      "5": 0.8555178225040436,
      "10": 0.5342498525977135,
      "25": NaN,
      "50": NaN
    },
    "perturbation": {
      "1": 0.5979402059316635,
      "5": 0.3342515633255243,
      "10": 0.18417384788393976,
      "25": 0.039397371087688954,
      "50": 0.004263803858775645
    },
    "traj_div": {
      "1": 0.5837951964139938,
      "5": 0.3385801201313734,
      "10": 0.18693277794867755,
      "25": 0.03832858900539577,
      "50": 0.0036935067304875702
    }
  },
  "gt_ak": {
    "1": 0.9,
    "5": 0.59049,
    "10": 0.3486784400999998,
    "25": 0.07178979876918516,
    "50": 0.005153775207320101
  },
  "total_time_s": 180.29702425003052
}