{
  "config": {
    "env_name": "stable_linear",
    "latent_dim": 16,
    "capacity": "large",
    "use_sigreg": true,
    "protocol": "1step",
    "seed": 3,
    "oracle": false,
    "n_steps": 20000,
    "batch_size": 8192,
    "lr": 0.0003,
    "wd": 0.0001,
    "lam_reg": 1.0
  },
  "final_train_loss": 0.30522459745407104,
  "final_val_mse": 0.00026323957717977464,
  "marginal_kl": 50.59539794921875,
  "eff_latent_dim": 9,
  "wall_time_s": 110.55876064300537,
  "ak_metrics": {
    "jacobian": {
      "1": 2.309539347887039,
      "5": 11.143566179275513,
      "10": 11.869739508628845,
      "25": NaN,
      "50": NaN
    },
    "perturbation": {
      "1": 1.1426473832130433,
      "5": 3.0547903501987457,
      "10": 5.488016710281372,
      "25": 12.58966073870659,
      "50": 133.43341110900045
    },
    "traj_div": {
      "1": 1.1441722017526628,
      "5": 3.6374057537317275,
      "10": 4.190780065357685,
      "25": 31.43366968810558,
      "50": 1063.9035070043801
    }
  },
  "gt_ak": {
    "1": 0.9,
    "5": 0.59049,
    "10": 0.3486784400999998,
    "25": 0.07178979876918516,
    "50": 0.005153775207320101
  },
  "total_time_s": 119.48279333114624
}