{
  "config": {
    "env_name": "stable_linear",
    "latent_dim": 16,
    "capacity": "small",
    "use_sigreg": false,
    "protocol": "5step",
    "seed": 0,
    "oracle": false,
    "n_steps": 20000,
    "batch_size": 8192,
    "lr": 0.0003,
    "wd": 0.0001,
    "lam_reg": 1.0
  },
  "final_train_loss": 0.0002336598263354972,
  "final_val_mse": 8.255308712250553e-05,
  "marginal_kl": 194.29396057128906,
  "eff_latent_dim": 3,
  "wall_time_s": 171.58542466163635,
  "ak_metrics": {
    "jacobian": {
      "1": 1.0971956372261047,
      "5": 0.9742198824882508,
      "10": 0.8525969058275222,
      "25": NaN,
      "50": NaN
    },
    "perturbation": {
      "1": 0.5700218398869038,
      "5": 0.3793343551456928,
      "10": 0.24417824652045966,
      "25": 0.12642107352614404,
      "50": 0.057607482781168076
    },
    "traj_div": {
      "1": 0.56164008051157,
      "5": 0.4017421497404575,
      "10": 0.2685444673150778,
      "25": 0.10390263236127793,
      "50": 0.054954540819162505
    }
  },
  "gt_ak": {
    "1": 0.9,
    "5": 0.59049,
    "10": 0.3486784400999998,
    "25": 0.07178979876918516,
    "50": 0.005153775207320101
  },
  "total_time_s": 176.2575078010559
}