{
  "config": {
    "env_name": "lorenz",
    "latent_dim": 16,
    "capacity": "large",
    "use_sigreg": false,
    "protocol": "5step",
    "seed": 3,
    "oracle": false,
    "n_steps": 20000,
    "batch_size": 8192,
    "lr": 0.0003,
    "wd": 0.0001,
    "lam_reg": 1.0
  },
  "final_train_loss": 0.011680107563734055,
  "final_val_mse": 0.0009849477966781706,
  "marginal_kl": 44.84000015258789,
  "eff_latent_dim": 5,
  "wall_time_s": 256.0007948875427,
  "ak_metrics": {
    "jacobian": {
      "1": 1.2352793395519257,
      "5": 1.992488867044449,
      "10": 2.6354347884655,
      "25": NaN,
      "50": NaN
    },
    "perturbation": {
      "1": 0.6223557165265083,
      "5": 0.570579454600811,
      "10": 0.6570579122751952,
      "25": 0.9482767263799906,
      "50": 2.218083070367575
    },
    "traj_div": {
      "1": 0.6422268569469451,
      "5": 0.5427712751179934,
      "10": 0.6577936342358589,
      "25": 1.0164669698104263,
      "50": 1.609775595292449
    }
  },
  "gt_ak": {
    "1": 0.9617653891676228,
    "5": 0.9058524331294783,
    "10": 0.8677002309387756,
    "25": 1.8261797415454353,
    "50": 5.016257899177928
  },
  "total_time_s": 265.83357882499695
}