{
  "config": {
    "env_name": "lorenz",
    "latent_dim": 16,
    "capacity": "small",
    "use_sigreg": false,
    "protocol": "5step",
    "seed": 4,
    "oracle": false,
    "n_steps": 20000,
    "batch_size": 8192,
    "lr": 0.0003,
    "wd": 0.0001,
    "lam_reg": 1.0
  },
  "final_train_loss": 0.016633938997983932,
  "final_val_mse": 0.0015308839268982411,
  "marginal_kl": 145.62240600585938,
  "eff_latent_dim": 4,
  "wall_time_s": 179.41274857521057,
  "ak_metrics": {
    "jacobian": {
      "1": 1.2710720777511597,
      "5": 1.656866592168808,
      "10": 2.1701652348041534,
      "25": NaN,
      "50": NaN
    },
    "perturbation": {
      "1": 0.7132881903648376,
      "5": 0.6326806436479092,
      "10": 0.6286139391362667,
      "25": 0.8071606437116862,
      "50": 1.014026439115405
    },
    "traj_div": {
      "1": 0.709978019297123,
      "5": 0.6340361896157265,
      "10": 0.658114134222269,
      "25": 0.7246431427821517,
      "50": 1.19497759655118
    }
  },
  "gt_ak": {
    "1": 0.9617653891676228,
    "5": 0.9058524331294783,
    "10": 0.8677002309387756,
    "25": 1.8261797415454353,
    "50": 5.016257899177928
  },
  "total_time_s": 184.32767581939697
}