{
  "config": {
    "env_name": "spiral_2d",
    "latent_dim": 16,
    "capacity": "large",
    "use_sigreg": true,
    "protocol": "5step",
    "seed": 4,
    "oracle": false,
    "n_steps": 20000,
    "batch_size": 8192,
    "lr": 0.0003,
    "wd": 0.0001,
    "lam_reg": 1.0
  },
  "final_train_loss": 0.04397843778133392,
  "final_val_mse": 0.0007898355892393738,
  "marginal_kl": 3.3975048065185547,
  "eff_latent_dim": 5,
  "wall_time_s": 292.62018036842346,
  "ak_metrics": {
    "jacobian": {
      "1": 1.2135423421859741,
      "5": 1.503386640548706,
      "10": 1.7007196724414826,
      "25": NaN,
      "50": NaN
    },
    "perturbation": {
      "1": 0.6617666956782341,
      "5": 0.4277362743020058,
      "10": 0.547274649143219,
      "25": 0.7384037447348237,
      "50": 0.8065434099547565
    },
    "traj_div": {
      "1": 0.6630815225839615,
      "5": 0.4790097825974226,
      "10": 0.46053849801421165,
      "25": 0.5569607880711556,
      "50": 0.7571121805533767
    }
  },
  "gt_ak": {
    "1": 1.05,
    "5": 1.2762815625000001,
    "10": 1.6288946267774416,
    "25": 3.386354940899387,
    "50": 11.467399785753683
  },
  "total_time_s": 301.20371890068054
}