{
  "config": {
    "env_name": "lorenz",
    "latent_dim": 16,
    "capacity": "small",
    "use_sigreg": false,
    "protocol": "5step",
    "seed": 1,
    "oracle": false,
    "n_steps": 20000,
    "batch_size": 8192,
    "lr": 0.0003,
    "wd": 0.0001,
    "lam_reg": 1.0
  },
  "final_train_loss": 0.6179919242858887,
  "final_val_mse": 0.026271442510187627,
  "marginal_kl": 366.35797119140625,
  "eff_latent_dim": 7,
  "wall_time_s": 156.72530674934387,
  "ak_metrics": {
    "jacobian": {
      "1": 1.1553268074989318,
      "5": 1.8308752655982972,
      "10": 2.6153849005699157,
      "25": NaN,
      "50": NaN
    },
    "perturbation": {
      "1": 0.8416774153709412,
      "5": 0.8532958796620369,
      "10": 1.028514295220375,
      "25": 1.4991514632105827,
      "50": 2.169409604370594
    },
    "traj_div": {
      "1": 0.8526816600561142,
      "5": 0.8718189266324043,
      "10": 1.0402457013726234,
      "25": 1.5668056857585908,
      "50": 2.632640584409237
    }
  },
  "gt_ak": {
    "1": 0.9617653891676228,
    "5": 0.9058524331294783,
    "10": 0.8677002309387756,
    "25": 1.8261797415454353,
    "50": 5.016257899177928
  },
  "total_time_s": 161.42266178131104
}