{
  "config": {
    "env_name": "spiral_2d",
    "latent_dim": 2,
    "capacity": "small",
    "use_sigreg": true,
    "protocol": "1step",
    "seed": 0,
    "oracle": false,
    "n_steps": 20000,
    "batch_size": 8192,
    "lr": 0.0003,
    "wd": 0.0001,
    "lam_reg": 1.0
  },
  "final_train_loss": 0.0014430203009396791,
  "final_val_mse": 0.00020280986063880846,
  "marginal_kl": 0.023969098925590515,
  "eff_latent_dim": 2,
  "wall_time_s": 91.72565269470215,
  "ak_metrics": {
    "jacobian": {
      "1": 1.0256663799285888,
      "5": 1.1588071912527085,
      "10": 1.3384731531143188,
      "25": NaN,
      "50": NaN
    },
    "perturbation": {
      "1": 0.9774346739053726,
      "5": 0.9818834608793259,
      "10": 0.9007391214370728,
      "25": 1.113466142565012,
      "50": 1.1633093318343162
    },
    "traj_div": {
      "1": 0.9815356290340423,
      "5": 0.9605081832408905,
      "10": 0.9277546760439873,
      "25": 1.1285419227182865,
      "50": 1.2767770395427942
    }
  },
  "gt_ak": {
    "1": 1.05,
    "5": 1.2762815625000001,
    "10": 1.6288946267774416,
    "25": 3.386354940899387,
    "50": 11.467399785753683
  },
  "total_time_s": 94.45475649833679
}