{
  "config": {
    "env_name": "spiral_2d",
    "latent_dim": 16,
    "capacity": "small",
    "use_sigreg": true,
    "protocol": "5step",
    "seed": 1,
    "oracle": false,
    "n_steps": 20000,
    "batch_size": 8192,
    "lr": 0.0003,
    "wd": 0.0001,
    "lam_reg": 1.0
  },
  "final_train_loss": 0.0532149113714695,
  "final_val_mse": 0.001081005553714931,
  "marginal_kl": 3.434061288833618,
  "eff_latent_dim": 6,
  "wall_time_s": 206.35208249092102,
  "ak_metrics": {
    "jacobian": {
      "1": 1.29023916721344,
      "5": 1.7695301592350006,
      "10": 2.3559288144111634,
      "25": NaN,
      "50": NaN
    },
    "perturbation": {
      "1": 0.8198518222570419,
      "5": 0.65938147097826,
      "10": 0.7960046418011189,
      "25": 1.205220544040203,
      "50": 2.593014282658696
    },
    "traj_div": {
      "1": 0.8193926012516022,
      "5": 0.6782155011594295,
      "10": 0.8122064816951752,
      "25": 1.2722684115171432,
      "50": 2.7096551586687565
    }
  },
  "gt_ak": {
    "1": 1.05,
    "5": 1.2762815625000001,
    "10": 1.6288946267774416,
    "25": 3.386354940899387,
    "50": 11.467399785753683
  },
  "total_time_s": 211.08354496955872
}