{
  "config": {
    "env_name": "spiral_2d",
    "latent_dim": 16,
    "capacity": "small",
    "use_sigreg": false,
    "protocol": "5step",
    "seed": 3,
    "oracle": false,
    "n_steps": 20000,
    "batch_size": 8192,
    "lr": 0.0003,
    "wd": 0.0001,
    "lam_reg": 1.0
  },
  "final_train_loss": 0.022120635956525803,
  "final_val_mse": 0.0020498322788625955,
  "marginal_kl": 674.577392578125,
  "eff_latent_dim": 3,
  "wall_time_s": 169.8058660030365,
  "ak_metrics": {
    "jacobian": {
      "1": 1.369658923149109,
      "5": 2.8733965873718263,
      "10": 4.488027763366699,
      "25": NaN,
      "50": NaN
    },
    "perturbation": {
      "1": 0.5655029913783074,
      "5": 0.7218952752649784,
      "10": 1.061365514472127,
      "25": 0.9248758894950151,
      "50": 1.0127638813108206
    },
    "traj_div": {
      "1": 0.5830343188345433,
      "5": 0.7094345038756729,
      "10": 1.0159344467520715,
      "25": 0.786395325511694,
      "50": 1.024567209854722
    }
  },
  "gt_ak": {
    "1": 1.05,
    "5": 1.2762815625000001,
    "10": 1.6288946267774416,
    "25": 3.386354940899387,
    "50": 11.467399785753683
  },
  "total_time_s": 174.4079737663269
}