{
  "config": {
    "env_name": "spiral_2d",
    "latent_dim": 8,
    "capacity": "small",
    "use_sigreg": true,
    "protocol": "1step",
    "seed": 1,
    "oracle": false,
    "n_steps": 20000,
    "batch_size": 8192,
    "lr": 0.0003,
    "wd": 0.0001,
    "lam_reg": 1.0
  },
  "final_train_loss": 0.020683499053120613,
  "final_val_mse": 0.000438050291268155,
  "marginal_kl": 2.4104580879211426,
  "eff_latent_dim": 6,
  "wall_time_s": 93.73320960998535,
  "ak_metrics": {
    "jacobian": {
      "1": 1.3626775801181794,
      "5": 2.3404290437698365,
      "10": 3.3780131101608277,
      "25": NaN,
      "50": NaN
    },
    "perturbation": {
      "1": 1.0175861740112304,
      "5": 1.3225224083662033,
      "10": 1.4895147395133972,
      "25": 1.9460539010167122,
      "50": 3.1176155465841293
    },
    "traj_div": {
      "1": 1.007770344018936,
      "5": 1.2632134878635406,
      "10": 1.4998945784568787,
      "25": 1.9671672439575196,
      "50": 3.5265579952299593
    }
  },
  "gt_ak": {
    "1": 1.05,
    "5": 1.2762815625000001,
    "10": 1.6288946267774416,
    "25": 3.386354940899387,
    "50": 11.467399785753683
  },
  "total_time_s": 97.2146725654602
}