{
  "config": {
    "env_name": "spiral_2d",
    "latent_dim": 16,
    "capacity": "large",
    "use_sigreg": true,
    "protocol": "1step",
    "seed": 3,
    "oracle": false,
    "n_steps": 20000,
    "batch_size": 8192,
    "lr": 0.0003,
    "wd": 0.0001,
    "lam_reg": 1.0
  },
  "final_train_loss": 0.05999240651726723,
  "final_val_mse": 0.0013325658510439098,
  "marginal_kl": 4.506220817565918,
  "eff_latent_dim": 5,
  "wall_time_s": 108.78613448143005,
  "ak_metrics": {
    "jacobian": {
      "1": 1.298971915245056,
      "5": 1.8764016807079316,
      "10": 2.345672661066055,
      "25": NaN,
      "50": NaN
    },
    "perturbation": {
      "1": 0.7634460586309433,
      "5": 0.6015143077075481,
      "10": 0.6431875410676002,
      "25": 0.8185630502551794,
      "50": 0.8164081032201648
    },
    "traj_div": {
      "1": 0.7797172835469246,
      "5": 0.6566465276479722,
      "10": 0.6461310394108295,
      "25": 0.9032662170752883,
      "50": 1.0835673494637013
    }
  },
  "gt_ak": {
    "1": 1.05,
    "5": 1.2762815625000001,
    "10": 1.6288946267774416,
    "25": 3.386354940899387,
    "50": 11.467399785753683
  },
  "total_time_s": 117.92318892478943
}