{
  "config": {
    "env_name": "spiral_2d",
    "latent_dim": 16,
    "capacity": "small",
    "use_sigreg": true,
    "protocol": "5step",
    "seed": 2,
    "oracle": false,
    "n_steps": 20000,
    "batch_size": 8192,
    "lr": 0.0003,
    "wd": 0.0001,
    "lam_reg": 1.0
  },
  "final_train_loss": 0.06176775321364403,
  "final_val_mse": 0.0012162876315414905,
  "marginal_kl": 3.0904312133789062,
  "eff_latent_dim": 5,
  "wall_time_s": 211.4068558216095,
  "ak_metrics": {
    "jacobian": {
      "1": 1.246084976196289,
      "5": 1.723807120323181,
      "10": 2.4471918106079102,
      "25": NaN,
      "50": NaN
    },
    "perturbation": {
      "1": 0.7887783837318421,
      "5": 0.6418382818996906,
      "10": 0.7688731992244721,
      "25": 1.5862312173843385,
      "50": 4.232811237424612
    },
    "traj_div": {
      "1": 0.7914259940385818,
      "5": 0.6620942109823227,
      "10": 0.7536061619222164,
      "25": 1.3675776097178458,
      "50": 4.01406628459692
    }
  },
  "gt_ak": {
    "1": 1.05,
    "5": 1.2762815625000001,
    "10": 1.6288946267774416,
    "25": 3.386354940899387,
    "50": 11.467399785753683
  },
  "total_time_s": 216.44636392593384
}