{
  "config": {
    "env_name": "spiral_2d",
    "latent_dim": 16,
    "capacity": "small",
    "use_sigreg": false,
    "protocol": "1step",
    "seed": 2,
    "oracle": false,
    "n_steps": 20000,
    "batch_size": 8192,
    "lr": 0.0003,
    "wd": 0.0001,
    "lam_reg": 1.0
  },
  "final_train_loss": 0.06067381426692009,
  "final_val_mse": 0.061002346128225325,
  "marginal_kl": 143.0304718017578,
  "eff_latent_dim": 3,
  "wall_time_s": 67.94031071662903,
  "ak_metrics": {
    "jacobian": {
      "1": 1.3764104008674622,
      "5": 2.839611566066742,
      "10": 3.4767577052116394,
      "25": NaN,
      "50": NaN
    },
    "perturbation": {
      "1": 0.6312001496553421,
      "5": 0.8292317749559879,
      "10": 0.9137014098465442,
      "25": 0.8389172306656838,
      "50": 0.6823975276947022
    },
    "traj_div": {
      "1": 0.6220648780465126,
      "5": 0.7837060588598251,
      "10": 0.9634872651100159,
      "25": 0.8924635528773069,
      "50": 0.6743907658010722
    }
  },
  "gt_ak": {
    "1": 1.05,
    "5": 1.2762815625000001,
    "10": 1.6288946267774416,
    "25": 3.386354940899387,
    "50": 11.467399785753683
  },
  "total_time_s": 72.63946056365967
}