{
  "config": {
    "env_name": "lorenz",
    "latent_dim": 16,
    "capacity": "large",
    "use_sigreg": true,
    "protocol": "1step",
    "seed": 1,
    "oracle": false,
    "n_steps": 20000,
    "batch_size": 8192,
    "lr": 0.0003,
    "wd": 0.0001,
    "lam_reg": 1.0
  },
  "final_train_loss": 0.04016675800085068,
  "final_val_mse": 0.0013714630156755447,
  "marginal_kl": 1.6519420146942139,
  "eff_latent_dim": 10,
  "wall_time_s": 108.01045608520508,
  "ak_metrics": {
    "jacobian": {
      "1": 2.1262941896915435,
      "5": 11.835609817504883,
      "10": 77.44971013069153,
      "25": NaN,
      "50": NaN
    },
    "perturbation": {
      "1": 1.112983660697937,
      "5": 3.786684840321541,
      "10": 14.345594561100006,
      "25": 236.63843662977217,
      "50": 20819.094538497924
    },
    "traj_div": {
      "1": 1.0845389479398728,
      "5": 3.2188443261384965,
      "10": 13.867873381376267,
      "25": 250.00177234053612,
      "50": 22968.164083518983
    }
  },
  "gt_ak": {
    "1": 0.9617653891676228,
    "5": 0.9058524331294783,
    "10": 0.8677002309387756,
    "25": 1.8261797415454353,
    "50": 5.016257899177928
  },
  "total_time_s": 116.92405557632446
}