{
  "config": {
    "env_name": "spiral_2d",
    "latent_dim": 16,
    "capacity": "large",
    "use_sigreg": true,
    "protocol": "5step",
    "seed": 3,
    "oracle": false,
    "n_steps": 20000,
    "batch_size": 8192,
    "lr": 0.0003,
    "wd": 0.0001,
    "lam_reg": 1.0
  },
  "final_train_loss": 0.05262066051363945,
  "final_val_mse": 0.0007060764182824641,
  "marginal_kl": 4.101284980773926,
  "eff_latent_dim": 6,
  "wall_time_s": 284.52190947532654,
  "ak_metrics": {
    "jacobian": {
      "1": 1.2475860297679902,
      "5": 1.5104481518268584,
      "10": 1.7989778578281403,
      "25": NaN,
      "50": NaN
    },
    "perturbation": {
      "1": 0.6343382292985916,
      "5": 0.4542217383533716,
      "10": 0.4812969915568829,
      "25": 0.6198037851974368,
      "50": 0.6587981093302369
    },
    "traj_div": {
      "1": 0.6533452862501145,
      "5": 0.46788676261901857,
      "10": 0.4846837390214205,
      "25": 0.6633890226483345,
      "50": 0.8198889826610685
    }
  },
  "gt_ak": {
    "1": 1.05,
    "5": 1.2762815625000001,
    "10": 1.6288946267774416,
    "25": 3.386354940899387,
    "50": 11.467399785753683
  },
  "total_time_s": 292.111670255661
}