{
  "config": {
    "env_name": "stable_linear",
    "latent_dim": 16,
    "capacity": "small",
    "use_sigreg": false,
    "protocol": "1step",
    "seed": 3,
    "oracle": false,
    "n_steps": 20000,
    "batch_size": 8192,
    "lr": 0.0003,
    "wd": 0.0001,
    "lam_reg": 1.0
  },
  "final_train_loss": 0.0008757984032854438,
  "final_val_mse": 0.0009579933423083276,
  "marginal_kl": 50.79901123046875,
  "eff_latent_dim": 4,
  "wall_time_s": 67.36524677276611,
  "ak_metrics": {
    "jacobian": {
      "1": 1.4649393796920775,
      "5": 4.312871670722961,
      "10": 11.899671280384064,
      "25": NaN,
      "50": NaN
    },
    "perturbation": {
      "1": 0.8091219013929367,
      "5": 1.2502781596779824,
      "10": 3.3685627296566962,
      "25": 8.660907914787531,
      "50": 33.217937878258525
    },
    "traj_div": {
      "1": 0.8176935151219368,
      "5": 1.2875335171818734,
      "10": 3.151973012685776,
      "25": 9.682333654165268,
      "50": 37.84092579813674
    }
  },
  "gt_ak": {
    "1": 0.9,
    "5": 0.59049,
    "10": 0.3486784400999998,
    "25": 0.07178979876918516,
    "50": 0.005153775207320101
  },
  "total_time_s": 71.80542826652527
}