{
  "config": {
    "env_name": "stable_linear",
    "latent_dim": 16,
    "capacity": "large",
    "use_sigreg": false,
    "protocol": "1step",
    "seed": 3,
    "oracle": false,
    "n_steps": 20000,
    "batch_size": 8192,
    "lr": 0.0003,
    "wd": 0.0001,
    "lam_reg": 1.0
  },
  "final_train_loss": 3.559637116268277e-05,
  "final_val_mse": 3.206644869351294e-05,
  "marginal_kl": 32.72926712036133,
  "eff_latent_dim": 4,
  "wall_time_s": 90.31382727622986,
  "ak_metrics": {
    "jacobian": {
      "1": 1.5232947051525116,
      "5": 3.549302965402603,
      "10": 4.418902403116226,
      "25": NaN,
      "50": NaN
    },
    "perturbation": {
      "1": 0.7472464787960053,
      "5": 1.0072174882888794,
      "10": 1.3813985791802406,
      "25": 0.5229075589729473,
      "50": 0.021202203079592436
    },
    "traj_div": {
      "1": 0.7418866160511971,
      "5": 0.9682204593718052,
      "10": 1.3246541854739189,
      "25": 0.6168138546100818,
      "50": 0.023512366903742078
    }
  },
  "gt_ak": {
    "1": 0.9,
    "5": 0.59049,
    "10": 0.3486784400999998,
    "25": 0.07178979876918516,
    "50": 0.005153775207320101
  },
  "total_time_s": 99.40008282661438
}