{
  "config": {
    "env_name": "lorenz",
    "latent_dim": 16,
    "capacity": "small",
    "use_sigreg": true,
    "protocol": "1step",
    "seed": 3,
    "oracle": false,
    "n_steps": 20000,
    "batch_size": 8192,
    "lr": 0.0003,
    "wd": 0.0001,
    "lam_reg": 1.0
  },
  "final_train_loss": 0.041941724717617035,
  "final_val_mse": 0.0022528868517838418,
  "marginal_kl": 1.6106711626052856,
  "eff_latent_dim": 10,
  "wall_time_s": 93.75170421600342,
  "ak_metrics": {
    "jacobian": {
      "1": 2.0186853766441346,
      "5": 17.668573570251464,
      "10": 145.17735385894775,
      "25": NaN,
      "50": NaN
    },
    "perturbation": {
      "1": 1.18759332716465,
      "5": 5.281874115467072,
      "10": 36.58043977975845,
      "25": 4278.387901000977,
      "50": 21640677.363712158
    },
    "traj_div": {
      "1": 1.2265760654211044,
      "5": 5.942926868200302,
      "10": 31.673992891311645,
      "25": 2669.8735867500304,
      "50": 30434421.155664064
    }
  },
  "gt_ak": {
    "1": 0.9617653891676228,
    "5": 0.9058524331294783,
    "10": 0.8677002309387756,
    "25": 1.8261797415454353,
    "50": 5.016257899177928
  },
  "total_time_s": 98.66949081420898
}