{
  "config": {
    "env_name": "stable_linear",
    "latent_dim": 16,
    "capacity": "small",
    "use_sigreg": false,
    "protocol": "1step",
    "seed": 2,
    "oracle": false,
    "n_steps": 20000,
    "batch_size": 8192,
    "lr": 0.0003,
    "wd": 0.0001,
    "lam_reg": 1.0
  },
  "final_train_loss": 0.0002727305400185287,
  "final_val_mse": 0.0002569416523328982,
  "marginal_kl": 38.52568817138672,
  "eff_latent_dim": 4,
  "wall_time_s": 72.10987567901611,
  "ak_metrics": {
    "jacobian": {
      "1": 1.5342511594295503,
      "5": 5.111180698871612,
      "10": 12.734167528152465,
      "25": NaN,
      "50": NaN
    },
    "perturbation": {
      "1": 0.8070923429727554,
      "5": 1.4302825915813446,
      "10": 3.1618359994888308,
      "25": 16.85166899085045,
      "50": 224.74361010313035
    },
    "traj_div": {
      "1": 0.8239952665567398,
      "5": 1.458588755428791,
      "10": 3.120381582677364,
      "25": 17.25593063354492,
      "50": 147.2170264816284
    }
  },
  "gt_ak": {
    "1": 0.9,
    "5": 0.59049,
    "10": 0.3486784400999998,
    "25": 0.07178979876918516,
    "50": 0.005153775207320101
  },
  "total_time_s": 77.26145553588867
}