{
  "config": {
    "env_name": "spiral_2d",
    "latent_dim": 16,
    "capacity": "large",
    "use_sigreg": true,
    "protocol": "1step",
    "seed": 4,
    "oracle": false,
    "n_steps": 20000,
    "batch_size": 8192,
    "lr": 0.0003,
    "wd": 0.0001,
    "lam_reg": 1.0
  },
  "final_train_loss": 0.06594633311033249,
  "final_val_mse": 0.0010060338187031447,
  "marginal_kl": 3.130047082901001,
  "eff_latent_dim": 5,
  "wall_time_s": 110.10318541526794,
  "ak_metrics": {
    "jacobian": {
      "1": 1.2641316652297974,
      "5": 1.7716266214847565,
      "10": 2.0649715185165407,
      "25": NaN,
      "50": NaN
    },
    "perturbation": {
      "1": 0.7858409351110458,
      "5": 0.6150207781791687,
      "10": 0.6361363438516855,
      "25": 0.848441292271018,
      "50": 1.1062788347620518
    },
    "traj_div": {
      "1": 0.7630221772193909,
      "5": 0.6156053622066975,
      "10": 0.5627790927886963,
      "25": 0.7246920855902136,
      "50": 0.8935023548454046
    }
  },
  "gt_ak": {
    "1": 1.05,
    "5": 1.2762815625000001,
    "10": 1.6288946267774416,
    "25": 3.386354940899387,
    "50": 11.467399785753683
  },
  "total_time_s": 118.90732431411743
}