{
  "config": {
    "env_name": "lorenz",
    "latent_dim": 16,
    "capacity": "small",
    "use_sigreg": true,
    "protocol": "5step",
    "seed": 0,
    "oracle": false,
    "n_steps": 20000,
    "batch_size": 8192,
    "lr": 0.0003,
    "wd": 0.0001,
    "lam_reg": 1.0
  },
  "final_train_loss": 0.04977996647357941,
  "final_val_mse": 0.0008391261042561382,
  "marginal_kl": 1.7048923969268799,
  "eff_latent_dim": 11,
  "wall_time_s": 217.54983568191528,
  "ak_metrics": {
    "jacobian": {
      "1": 1.405474591255188,
      "5": 3.237496918439865,
      "10": 6.425989258289337,
      "25": NaN,
      "50": NaN
    },
    "perturbation": {
      "1": 0.8799435234069825,
      "5": 1.0534098839759827,
      "10": 1.5204590690135955,
      "25": 3.9816498190164564,
      "50": 11.144408696889878
    },
    "traj_div": {
      "1": 0.8811365580558777,
      "5": 1.1612008583545685,
      "10": 1.5750375413894653,
      "25": 3.36436862796545,
      "50": 10.297100979536772
    }
  },
  "gt_ak": {
    "1": 0.9617653891676228,
    "5": 0.9058524331294783,
    "10": 0.8677002309387756,
    "25": 1.8261797415454353,
    "50": 5.016257899177928
  },
  "total_time_s": 222.21043157577515
}