{
  "config": {
    "env_name": "lorenz",
    "latent_dim": 16,
    "capacity": "small",
    "use_sigreg": false,
    "protocol": "1step",
    "seed": 0,
    "oracle": false,
    "n_steps": 20000,
    "batch_size": 8192,
    "lr": 0.0003,
    "wd": 0.0001,
    "lam_reg": 1.0
  },
  "final_train_loss": 0.0016765736509114504,
  "final_val_mse": 0.001627968472894281,
  "marginal_kl": 100.98407745361328,
  "eff_latent_dim": 6,
  "wall_time_s": 68.7207601070404,
  "ak_metrics": {
    "jacobian": {
      "1": 1.309372991323471,
      "5": 2.9787930727005003,
      "10": 5.135194873809814,
      "25": NaN,
      "50": NaN
    },
    "perturbation": {
      "1": 1.0030237621068954,
      "5": 1.290364300608635,
      "10": 1.8247123569250108,
      "25": 3.7110603141784666,
      "50": 11.575338292121888
    },
    "traj_div": {
      "1": 0.9941822642087936,
      "5": 1.2960395956039428,
      "10": 1.9306107872724534,
      "25": 3.7704725885391235,
      "50": 12.524573564529419
    }
  },
  "gt_ak": {
    "1": 0.9617653891676228,
    "5": 0.9058524331294783,
    "10": 0.8677002309387756,
    "25": 1.8261797415454353,
    "50": 5.016257899177928
  },
  "total_time_s": 73.57458090782166
}