{
  "config": {
    "env_name": "spiral_2d",
    "latent_dim": 16,
    "capacity": "large",
    "use_sigreg": true,
    "protocol": "5step",
    "seed": 1,
    "oracle": false,
    "n_steps": 20000,
    "batch_size": 8192,
    "lr": 0.0003,
    "wd": 0.0001,
    "lam_reg": 1.0
  },
  "final_train_loss": 0.06065171957015991,
  "final_val_mse": 0.0007528073678258806,
  "marginal_kl": 3.7807326316833496,
  "eff_latent_dim": 6,
  "wall_time_s": 292.07436323165894,
  "ak_metrics": {
    "jacobian": {
      "1": 1.2729916870594025,
      "5": 1.6004452645778655,
      "10": 1.7038780927658081,
      "25": NaN,
      "50": NaN
    },
    "perturbation": {
      "1": 0.6539760145545006,
      "5": 0.47703383646905423,
      "10": 0.5277702582627535,
      "25": 0.6348493913561106,
      "50": 0.6812709655147046
    },
    "traj_div": {
      "1": 0.6595496633648872,
      "5": 0.4403436134010553,
      "10": 0.5197589667886495,
      "25": 0.6563316652923823,
      "50": 0.6788720224983991
    }
  },
  "gt_ak": {
    "1": 1.05,
    "5": 1.2762815625000001,
    "10": 1.6288946267774416,
    "25": 3.386354940899387,
    "50": 11.467399785753683
  },
  "total_time_s": 301.50231313705444
}