{
  "config": {
    "env_name": "stable_linear",
    "latent_dim": 16,
    "capacity": "large",
    "use_sigreg": true,
    "protocol": "1step",
    "seed": 0,
    "oracle": false,
    "n_steps": 20000,
    "batch_size": 8192,
    "lr": 0.0003,
    "wd": 0.0001,
    "lam_reg": 1.0
  },
  "final_train_loss": 0.3361724019050598,
  "final_val_mse": 0.00020713891863124445,
  "marginal_kl": 48.78591537475586,
  "eff_latent_dim": 9,
  "wall_time_s": 106.85345029830933,
  "ak_metrics": {
    "jacobian": {
      "1": 1.9074958264827728,
      "5": 9.435203683376312,
      "10": 18.233491909503936,
      "25": NaN,
      "50": NaN
    },
    "perturbation": {
      "1": 1.1468098694086075,
      "5": 2.6994416451454164,
      "10": 3.8224701815843583,
      "25": 3.066125481724739,
      "50": 94.09168867439031
    },
    "traj_div": {
      "1": 1.1402388954162597,
      "5": 3.099366691708565,
      "10": 4.634209621548653,
      "25": 9.198905299305915,
      "50": 74.62265041589737
    }
  },
  "gt_ak": {
    "1": 0.9,
    "5": 0.59049,
    "10": 0.3486784400999998,
    "25": 0.07178979876918516,
    "50": 0.005153775207320101
  },
  "total_time_s": 114.89648199081421
}