{
  "config": {
    "env_name": "spiral_2d",
    "latent_dim": 16,
    "capacity": "large",
    "use_sigreg": false,
    "protocol": "5step",
    "seed": 3,
    "oracle": false,
    "n_steps": 20000,
    "batch_size": 8192,
    "lr": 0.0003,
    "wd": 0.0001,
    "lam_reg": 1.0
  },
  "final_train_loss": 0.001118212821893394,
  "final_val_mse": 0.00020914044871460645,
  "marginal_kl": 484.1343994140625,
  "eff_latent_dim": 3,
  "wall_time_s": 252.17961859703064,
  "ak_metrics": {
    "jacobian": {
      "1": 1.1959357917308808,
      "5": 1.661002653837204,
      "10": 2.058338725566864,
      "25": NaN,
      "50": NaN
    },
    "perturbation": {
      "1": 0.5492873620986939,
      "5": 0.5198419877886772,
      "10": 0.5796390689909459,
      "25": 0.4913628589734435,
      "50": 0.3769309915974736
    },
    "traj_div": {
      "1": 0.506896125972271,
      "5": 0.4767503036558628,
      "10": 0.5092947253212333,
      "25": 0.5424098644405604,
      "50": 0.4492326095327735
    }
  },
  "gt_ak": {
    "1": 1.05,
    "5": 1.2762815625000001,
    "10": 1.6288946267774416,
    "25": 3.386354940899387,
    "50": 11.467399785753683
  },
  "total_time_s": 260.6822817325592
}