{
  "config": {
    "env_name": "spiral_2d",
    "latent_dim": 2,
    "capacity": "small",
    "use_sigreg": true,
    "protocol": "1step",
    "seed": 3,
    "oracle": false,
    "n_steps": 20000,
    "batch_size": 8192,
    "lr": 0.0003,
    "wd": 0.0001,
    "lam_reg": 1.0
  },
  "final_train_loss": 0.0013025517109781504,
  "final_val_mse": 0.00015715743211330846,
  "marginal_kl": 0.05652439594268799,
  "eff_latent_dim": 2,
  "wall_time_s": 91.92721033096313,
  "ak_metrics": {
    "jacobian": {
      "1": 1.0314099580049514,
      "5": 1.1574019908905029,
      "10": 1.2907259821891786,
      "25": NaN,
      "50": NaN
    },
    "perturbation": {
      "1": 0.9727967756986619,
      "5": 0.955828360915184,
      "10": 0.9504120734333992,
      "25": 1.0935510644316673,
      "50": 1.2456933035701514
    },
    "traj_div": {
      "1": 0.9869907063245773,
      "5": 0.9290271818637847,
      "10": 0.9620385879278183,
      "25": 1.0454772470891476,
      "50": 1.2337473152577878
    }
  },
  "gt_ak": {
    "1": 1.05,
    "5": 1.2762815625000001,
    "10": 1.6288946267774416,
    "25": 3.386354940899387,
    "50": 11.467399785753683
  },
  "total_time_s": 94.537100315094
}