{
  "config": {
    "env_name": "lorenz",
    "latent_dim": 16,
    "capacity": "large",
    "use_sigreg": true,
    "protocol": "1step",
    "seed": 3,
    "oracle": false,
    "n_steps": 20000,
    "batch_size": 8192,
    "lr": 0.0003,
    "wd": 0.0001,
    "lam_reg": 1.0
  },
  "final_train_loss": 0.0494057834148407,
  "final_val_mse": 0.0009035338123794645,
  "marginal_kl": 1.854060173034668,
  "eff_latent_dim": 10,
  "wall_time_s": 111.12496733665466,
  "ak_metrics": {
    "jacobian": {
      "1": 2.384699583053589,
      "5": 15.261988139152527,
      "10": 60.37685956954956,
      "25": NaN,
      "50": NaN
    },
    "perturbation": {
      "1": 1.1123987197875977,
      "5": 3.58971661478281,
      "10": 11.175963784456252,
      "25": 332.4549736881256,
      "50": 65432.74060577393
    },
    "traj_div": {
      "1": 1.1301617842912675,
      "5": 4.2442229026556015,
      "10": 13.036802959442138,
      "25": 292.77563399791717,
      "50": 244559.09022209168
    }
  },
  "gt_ak": {
    "1": 0.9617653891676228,
    "5": 0.9058524331294783,
    "10": 0.8677002309387756,
    "25": 1.8261797415454353,
    "50": 5.016257899177928
  },
  "total_time_s": 120.15115189552307
}