{
  "config": {
    "env_name": "stable_linear",
    "latent_dim": 16,
    "capacity": "small",
    "use_sigreg": true,
    "protocol": "1step",
    "seed": 4,
    "oracle": false,
    "n_steps": 20000,
    "batch_size": 8192,
    "lr": 0.0003,
    "wd": 0.0001,
    "lam_reg": 1.0
  },
  "final_train_loss": 0.34140539169311523,
  "final_val_mse": 0.0009591132577043027,
  "marginal_kl": 52.01429748535156,
  "eff_latent_dim": 9,
  "wall_time_s": 82.73860716819763,
  "ak_metrics": {
    "jacobian": {
      "1": 1.951310580968857,
      "5": 9.799090826511383,
      "10": 21.867611813545228,
      "25": NaN,
      "50": NaN
    },
    "perturbation": {
      "1": 1.168246210217476,
      "5": 3.1701867568492887,
      "10": 5.627272869348526,
      "25": 20.895175906419755,
      "50": 405.9257572865486
    },
    "traj_div": {
      "1": 1.1953541952371598,
      "5": 3.477853451371193,
      "10": 6.905087098479271,
      "25": 21.58311486005783,
      "50": 140.19809198379517
    }
  },
  "gt_ak": {
    "1": 0.9,
    "5": 0.59049,
    "10": 0.3486784400999998,
    "25": 0.07178979876918516,
    "50": 0.005153775207320101
  },
  "total_time_s": 87.29915070533752
}