{
  "config": {
    "env_name": "lorenz",
    "latent_dim": 16,
    "capacity": "small",
    "use_sigreg": false,
    "protocol": "1step",
    "seed": 2,
    "oracle": false,
    "n_steps": 20000,
    "batch_size": 8192,
    "lr": 0.0003,
    "wd": 0.0001,
    "lam_reg": 1.0
  },
  "final_train_loss": 0.006639270577579737,
  "final_val_mse": 0.0066237065475434065,
  "marginal_kl": 185.3082275390625,
  "eff_latent_dim": 6,
  "wall_time_s": 70.98651146888733,
  "ak_metrics": {
    "jacobian": {
      "1": 1.5072209298610688,
      "5": 4.284590113162994,
      "10": 7.097838139533996,
      "25": NaN,
      "50": NaN
    },
    "perturbation": {
      "1": 1.0218134027719499,
      "5": 1.4910746055841446,
      "10": 2.2418378615379333,
      "25": 3.2743416261672973,
      "50": 5.033684744238854
    },
    "traj_div": {
      "1": 1.020963305234909,
      "5": 1.4360248988866806,
      "10": 2.1099992108345034,
      "25": 3.0750241541862486,
      "50": 4.826559227705002
    }
  },
  "gt_ak": {
    "1": 0.9617653891676228,
    "5": 0.9058524331294783,
    "10": 0.8677002309387756,
    "25": 1.8261797415454353,
    "50": 5.016257899177928
  },
  "total_time_s": 75.02508974075317
}