{
  "config": {
    "env_name": "spiral_2d",
    "latent_dim": 16,
    "capacity": "small",
    "use_sigreg": false,
    "protocol": "1step",
    "seed": 4,
    "oracle": false,
    "n_steps": 20000,
    "batch_size": 8192,
    "lr": 0.0003,
    "wd": 0.0001,
    "lam_reg": 1.0
  },
  "final_train_loss": 0.006450974382460117,
  "final_val_mse": 0.005998768610879779,
  "marginal_kl": 181.64328002929688,
  "eff_latent_dim": 5,
  "wall_time_s": 71.97079515457153,
  "ak_metrics": {
    "jacobian": {
      "1": 1.471801483631134,
      "5": 2.937809020280838,
      "10": 4.568401730060577,
      "25": NaN,
      "50": NaN
    },
    "perturbation": {
      "1": 0.6986746713519096,
      "5": 0.8579971608519554,
      "10": 1.0025849412381649,
      "25": 1.1040819065272809,
      "50": 1.2328938836418093
    },
    "traj_div": {
      "1": 0.7546091520786286,
      "5": 0.9751918610930442,
      "10": 1.1721887056529523,
      "25": 1.0070386837422847,
      "50": 1.1749181284941732
    }
  },
  "gt_ak": {
    "1": 1.05,
    "5": 1.2762815625000001,
    "10": 1.6288946267774416,
    "25": 3.386354940899387,
    "50": 11.467399785753683
  },
  "total_time_s": 76.71391606330872
}