{
  "config": {
    "env_name": "spiral_2d",
    "latent_dim": 16,
    "capacity": "large",
    "use_sigreg": false,
    "protocol": "5step",
    "seed": 4,
    "oracle": false,
    "n_steps": 20000,
    "batch_size": 8192,
    "lr": 0.0003,
    "wd": 0.0001,
    "lam_reg": 1.0
  },
  "final_train_loss": 0.0007393368287011981,
  "final_val_mse": 0.00014635033294325696,
  "marginal_kl": 390.8342590332031,
  "eff_latent_dim": 2,
  "wall_time_s": 256.3056869506836,
  "ak_metrics": {
    "jacobian": {
      "1": 1.2382312834262847,
      "5": 1.9959153294563294,
      "10": 2.4421267032623293,
      "25": NaN,
      "50": NaN
    },
    "perturbation": {
      "1": 0.5560580280423164,
      "5": 0.5596240955591202,
      "10": 0.5952844241261482,
      "25": 0.7374631321430206,
      "50": 1.019297936121002
    },
    "traj_div": {
      "1": 0.520563911497593,
      "5": 0.5173878004401922,
      "10": 0.6499677900224924,
      "25": 0.7151377179846168,
      "50": 0.82727350814268
    }
  },
  "gt_ak": {
    "1": 1.05,
    "5": 1.2762815625000001,
    "10": 1.6288946267774416,
    "25": 3.386354940899387,
    "50": 11.467399785753683
  },
  "total_time_s": 264.80922269821167
}