{
  "config": {
    "env_name": "lorenz",
    "latent_dim": 16,
    "capacity": "large",
    "use_sigreg": false,
    "protocol": "5step",
    "seed": 4,
    "oracle": false,
    "n_steps": 20000,
    "batch_size": 8192,
    "lr": 0.0003,
    "wd": 0.0001,
    "lam_reg": 1.0
  },
  "final_train_loss": 0.008713372983038425,
  "final_val_mse": 0.000995695119490847,
  "marginal_kl": 34.22024917602539,
  "eff_latent_dim": 3,
  "wall_time_s": 253.62852787971497,
  "ak_metrics": {
    "jacobian": {
      "1": 1.2016520977020264,
      "5": 1.7945707142353058,
      "10": 2.546135002374649,
      "25": NaN,
      "50": NaN
    },
    "perturbation": {
      "1": 0.5837801405787468,
      "5": 0.5053411418944598,
      "10": 0.6242099399864673,
      "25": 0.8974406362324953,
      "50": 1.2134371988475323
    },
    "traj_div": {
      "1": 0.5808171266317368,
      "5": 0.5341544780135155,
      "10": 0.6152103784680366,
      "25": 0.8759730999544263,
      "50": 1.5772708289138972
    }
  },
  "gt_ak": {
    "1": 0.9617653891676228,
    "5": 0.9058524331294783,
    "10": 0.8677002309387756,
    "25": 1.8261797415454353,
    "50": 5.016257899177928
  },
  "total_time_s": 262.6261999607086
}