{
  "config": {
    "env_name": "lorenz",
    "latent_dim": 16,
    "capacity": "small",
    "use_sigreg": false,
    "protocol": "1step",
    "seed": 3,
    "oracle": false,
    "n_steps": 20000,
    "batch_size": 8192,
    "lr": 0.0003,
    "wd": 0.0001,
    "lam_reg": 1.0
  },
  "final_train_loss": 0.01630602777004242,
  "final_val_mse": 0.0161877878010273,
  "marginal_kl": 319.9281311035156,
  "eff_latent_dim": 3,
  "wall_time_s": 68.46156287193298,
  "ak_metrics": {
    "jacobian": {
      "1": 1.323437750339508,
      "5": 3.042810082435608,
      "10": 5.090145826339722,
      "25": NaN,
      "50": NaN
    },
    "perturbation": {
      "1": 1.0045154350996017,
      "5": 1.225513367652893,
      "10": 1.6764022845029831,
      "25": 3.306375098824501,
      "50": 8.194265676485374
    },
    "traj_div": {
      "1": 1.0011040741205215,
      "5": 1.2312754881381989,
      "10": 1.8080926495790481,
      "25": 3.371550077795982,
      "50": 6.531008560554764
    }
  },
  "gt_ak": {
    "1": 0.9617653891676228,
    "5": 0.9058524331294783,
    "10": 0.8677002309387756,
    "25": 1.8261797415454353,
    "50": 5.016257899177928
  },
  "total_time_s": 73.28239250183105
}