{
  "config": {
    "env_name": "spiral_2d",
    "latent_dim": 16,
    "capacity": "large",
    "use_sigreg": false,
    "protocol": "5step",
    "seed": 2,
    "oracle": false,
    "n_steps": 20000,
    "batch_size": 8192,
    "lr": 0.0003,
    "wd": 0.0001,
    "lam_reg": 1.0
  },
  "final_train_loss": 0.0021215667948126793,
  "final_val_mse": 0.0003597248898586258,
  "marginal_kl": 812.4912109375,
  "eff_latent_dim": 3,
  "wall_time_s": 264.06600046157837,
  "ak_metrics": {
    "jacobian": {
      "1": 1.2231017768383026,
      "5": 1.5856224119663238,
      "10": 2.0153446018695833,
      "25": NaN,
      "50": NaN
    },
    "perturbation": {
      "1": 0.5668339356780052,
      "5": 0.5431879131123424,
      "10": 0.5405096906796097,
      "25": 0.5661758746206761,
      "50": 0.3984251212421805
    },
    "traj_div": {
      "1": 0.5504388765990734,
      "5": 0.5017450126260519,
      "10": 0.5109643799811602,
      "25": 0.5553554723039269,
      "50": 0.4076431642845273
    }
  },
  "gt_ak": {
    "1": 1.05,
    "5": 1.2762815625000001,
    "10": 1.6288946267774416,
    "25": 3.386354940899387,
    "50": 11.467399785753683
  },
  "total_time_s": 272.95926809310913
}