{
  "config": {
    "env_name": "spiral_2d",
    "latent_dim": 8,
    "capacity": "small",
    "use_sigreg": true,
    "protocol": "1step",
    "seed": 2,
    "oracle": false,
    "n_steps": 20000,
    "batch_size": 8192,
    "lr": 0.0003,
    "wd": 0.0001,
    "lam_reg": 1.0
  },
  "final_train_loss": 0.011534024029970169,
  "final_val_mse": 0.00040102312923409047,
  "marginal_kl": 3.322896957397461,
  "eff_latent_dim": 6,
  "wall_time_s": 90.95709538459778,
  "ak_metrics": {
    "jacobian": {
      "1": 1.6685688316822052,
      "5": 4.340911626815796,
      "10": 6.493658697605133,
      "25": NaN,
      "50": NaN
    },
    "perturbation": {
      "1": 1.0615288251638413,
      "5": 1.9350800442695617,
      "10": 2.546305062174797,
      "25": 10.847086700201034,
      "50": 370.4236097125709
    },
    "traj_div": {
      "1": 1.102444694042206,
      "5": 1.9109289419651032,
      "10": 2.4821184027194976,
      "25": 13.01353427708149,
      "50": 476.7788688069582
    }
  },
  "gt_ak": {
    "1": 1.05,
    "5": 1.2762815625000001,
    "10": 1.6288946267774416,
    "25": 3.386354940899387,
    "50": 11.467399785753683
  },
  "total_time_s": 94.15149521827698
}