{
  "config": {
    "env_name": "spiral_2d",
    "latent_dim": 16,
    "capacity": "small",
    "use_sigreg": true,
    "protocol": "5step",
    "seed": 3,
    "oracle": false,
    "n_steps": 20000,
    "batch_size": 8192,
    "lr": 0.0003,
    "wd": 0.0001,
    "lam_reg": 1.0
  },
  "final_train_loss": 0.054512035101652145,
  "final_val_mse": 0.0008623983943834901,
  "marginal_kl": 3.7072653770446777,
  "eff_latent_dim": 6,
  "wall_time_s": 221.94595527648926,
  "ak_metrics": {
    "jacobian": {
      "1": 1.2952842116355896,
      "5": 1.827882206439972,
      "10": 2.496225708723068,
      "25": NaN,
      "50": NaN
    },
    "perturbation": {
      "1": 0.8016217169165611,
      "5": 0.6544125381112099,
      "10": 0.8591914921998978,
      "25": 1.410543529689312,
      "50": 4.1580765776336195
    },
    "traj_div": {
      "1": 0.8188746112585068,
      "5": 0.6577266451716423,
      "10": 0.829496029317379,
      "25": 1.3699091178178788,
      "50": 3.3414322252944113
    }
  },
  "gt_ak": {
    "1": 1.05,
    "5": 1.2762815625000001,
    "10": 1.6288946267774416,
    "25": 3.386354940899387,
    "50": 11.467399785753683
  },
  "total_time_s": 226.52935791015625
}