{
  "config": {
    "env_name": "spiral_2d",
    "latent_dim": 16,
    "capacity": "large",
    "use_sigreg": true,
    "protocol": "1step",
    "seed": 2,
    "oracle": false,
    "n_steps": 20000,
    "batch_size": 8192,
    "lr": 0.0003,
    "wd": 0.0001,
    "lam_reg": 1.0
  },
  "final_train_loss": 0.043929144740104675,
  "final_val_mse": 0.0006063080509193242,
  "marginal_kl": 3.1730103492736816,
  "eff_latent_dim": 5,
  "wall_time_s": 111.18699336051941,
  "ak_metrics": {
    "jacobian": {
      "1": 1.3461739122867584,
      "5": 1.8874195396900177,
      "10": 2.271137374639511,
      "25": NaN,
      "50": NaN
    },
    "perturbation": {
      "1": 0.7421632683277131,
      "5": 0.5586467519402504,
      "10": 0.576706867814064,
      "25": 0.8027904988825321,
      "50": 1.0887510043941437
    },
    "traj_div": {
      "1": 0.7409483626484871,
      "5": 0.6315439409017563,
      "10": 0.5889804799109697,
      "25": 0.8451442479714751,
      "50": 1.1332848308281973
    }
  },
  "gt_ak": {
    "1": 1.05,
    "5": 1.2762815625000001,
    "10": 1.6288946267774416,
    "25": 3.386354940899387,
    "50": 11.467399785753683
  },
  "total_time_s": 119.9478349685669
}