{
  "config": {
    "env_name": "lorenz",
    "latent_dim": 16,
    "capacity": "small",
    "use_sigreg": true,
    "protocol": "1step",
    "seed": 4,
    "oracle": false,
    "n_steps": 20000,
    "batch_size": 8192,
    "lr": 0.0003,
    "wd": 0.0001,
    "lam_reg": 1.0
  },
  "final_train_loss": 0.05063442885875702,
  "final_val_mse": 0.00244163500610739,
  "marginal_kl": 1.7660481929779053,
  "eff_latent_dim": 10,
  "wall_time_s": 92.89882349967957,
  "ak_metrics": {
    "jacobian": {
      "1": 1.8347711384296417,
      "5": 10.57362403869629,
      "10": 51.982169723510744,
      "25": NaN,
      "50": NaN
    },
    "perturbation": {
      "1": 1.1150667512416839,
      "5": 3.7092210245132446,
      "10": 17.6521590924263,
      "25": 374.6948587012291,
      "50": 26261.432390136717
    },
    "traj_div": {
      "1": 1.1227797669172288,
      "5": 3.6659307545423507,
      "10": 16.204012703895568,
      "25": 409.14333904266357,
      "50": 13432.302968902588
    }
  },
  "gt_ak": {
    "1": 0.9617653891676228,
    "5": 0.9058524331294783,
    "10": 0.8677002309387756,
    "25": 1.8261797415454353,
    "50": 5.016257899177928
  },
  "total_time_s": 97.87791228294373
}