{
  "config": {
    "env_name": "lorenz",
    "latent_dim": 16,
    "capacity": "large",
    "use_sigreg": false,
    "protocol": "1step",
    "seed": 4,
    "oracle": false,
    "n_steps": 20000,
    "batch_size": 8192,
    "lr": 0.0003,
    "wd": 0.0001,
    "lam_reg": 1.0
  },
  "final_train_loss": 0.0005604730104096234,
  "final_val_mse": 0.0006525965232867748,
  "marginal_kl": 28.195850372314453,
  "eff_latent_dim": 7,
  "wall_time_s": 89.44302463531494,
  "ak_metrics": {
    "jacobian": {
      "1": 1.3174826145172118,
      "5": 2.960782492160797,
      "10": 5.27621808052063,
      "25": NaN,
      "50": NaN
    },
    "perturbation": {
      "1": 0.992503547668457,
      "5": 1.2973697113990783,
      "10": 1.9360597330331801,
      "25": 6.498115825653076,
      "50": 99.04336977243423
    },
    "traj_div": {
      "1": 0.994705649614334,
      "5": 1.2521144670248032,
      "10": 1.8705722132325173,
      "25": 7.189870030879974,
      "50": 100.40589845180511
    }
  },
  "gt_ak": {
    "1": 0.9617653891676228,
    "5": 0.9058524331294783,
    "10": 0.8677002309387756,
    "25": 1.8261797415454353,
    "50": 5.016257899177928
  },
  "total_time_s": 98.24110531806946
}