{
  "config": {
    "env_name": "spiral_2d",
    "latent_dim": 2,
    "capacity": "small",
    "use_sigreg": true,
    "protocol": "1step",
    "seed": 1,
    "oracle": false,
    "n_steps": 20000,
    "batch_size": 8192,
    "lr": 0.0003,
    "wd": 0.0001,
    "lam_reg": 1.0
  },
  "final_train_loss": 0.0024949563667178154,
  "final_val_mse": 0.00019845433707814663,
  "marginal_kl": 0.0037436969578266144,
  "eff_latent_dim": 2,
  "wall_time_s": 90.28982996940613,
  "ak_metrics": {
    "jacobian": {
      "1": 1.039224511384964,
      "5": 1.1992351949214934,
      "10": 1.44120551943779,
      "25": NaN,
      "50": NaN
    },
    "perturbation": {
      "1": 0.98872403383255,
      "5": 0.9632543259859085,
      "10": 1.0351931548118591,
      "25": 1.2885842905938625,
      "50": 1.6551106727123261
    },
    "traj_div": {
      "1": 0.9891366785764695,
      "5": 0.9749629300832748,
      "10": 1.0580193904042243,
      "25": 1.1813718464970588,
      "50": 1.6393786464631557
    }
  },
  "gt_ak": {
    "1": 1.05,
    "5": 1.2762815625000001,
    "10": 1.6288946267774416,
    "25": 3.386354940899387,
    "50": 11.467399785753683
  },
  "total_time_s": 92.853182554245
}