{
  "config": {
    "env_name": "lorenz",
    "latent_dim": 16,
    "capacity": "large",
    "use_sigreg": true,
    "protocol": "5step",
    "seed": 4,
    "oracle": false,
    "n_steps": 20000,
    "batch_size": 8192,
    "lr": 0.0003,
    "wd": 0.0001,
    "lam_reg": 1.0
  },
  "final_train_loss": 0.05807794630527496,
  "final_val_mse": 0.0005848419794347137,
  "marginal_kl": 1.465191125869751,
  "eff_latent_dim": 10,
  "wall_time_s": 293.50073051452637,
  "ak_metrics": {
    "jacobian": {
      "1": 1.3589890539646148,
      "5": 2.9896617412567137,
      "10": 5.4862071633338925,
      "25": NaN,
      "50": NaN
    },
    "perturbation": {
      "1": 0.8003676533699036,
      "5": 0.99485575735569,
      "10": 1.7418557447195053,
      "25": 3.544474946111441,
      "50": 5.689418156072497
    },
    "traj_div": {
      "1": 0.7900558704137802,
      "5": 1.0083198429644107,
      "10": 1.5920005647838116,
      "25": 3.7575937293842436,
      "50": 3.723976390808821
    }
  },
  "gt_ak": {
    "1": 0.9617653891676228,
    "5": 0.9058524331294783,
    "10": 0.8677002309387756,
    "25": 1.8261797415454353,
    "50": 5.016257899177928
  },
  "total_time_s": 302.08640241622925
}