{
  "config": {
    "env_name": "spiral_2d",
    "latent_dim": 16,
    "capacity": "small",
    "use_sigreg": false,
    "protocol": "1step",
    "seed": 3,
    "oracle": false,
    "n_steps": 20000,
    "batch_size": 8192,
    "lr": 0.0003,
    "wd": 0.0001,
    "lam_reg": 1.0
  },
  "final_train_loss": 0.0020585639867931604,
  "final_val_mse": 0.0020580202806741,
  "marginal_kl": 1416.93798828125,
  "eff_latent_dim": 5,
  "wall_time_s": 72.4166214466095,
  "ak_metrics": {
    "jacobian": {
      "1": 1.4980425834655762,
      "5": 3.7658384084701537,
      "10": 5.496947431564331,
      "25": NaN,
      "50": NaN
    },
    "perturbation": {
      "1": 0.8308632242679596,
      "5": 1.200063647031784,
      "10": 1.5983128488063811,
      "25": 2.3927588158845903,
      "50": 4.263863352239132
    },
    "traj_div": {
      "1": 0.8083720302581787,
      "5": 1.1536076140403748,
      "10": 1.6374765214323999,
      "25": 2.2199400621652603,
      "50": 3.399406327009201
    }
  },
  "gt_ak": {
    "1": 1.05,
    "5": 1.2762815625000001,
    "10": 1.6288946267774416,
    "25": 3.386354940899387,
    "50": 11.467399785753683
  },
  "total_time_s": 77.23346996307373
}