{
  "config": {
    "env_name": "lorenz",
    "latent_dim": 16,
    "capacity": "large",
    "use_sigreg": true,
    "protocol": "1step",
    "seed": 2,
    "oracle": false,
    "n_steps": 20000,
    "batch_size": 8192,
    "lr": 0.0003,
    "wd": 0.0001,
    "lam_reg": 1.0
  },
  "final_train_loss": 0.047011278569698334,
  "final_val_mse": 0.0010120226244907827,
  "marginal_kl": 1.471426010131836,
  "eff_latent_dim": 10,
  "wall_time_s": 104.61069512367249,
  "ak_metrics": {
    "jacobian": {
      "1": 2.361493819952011,
      "5": 15.104330241680145,
      "10": 45.61085867881775,
      "25": NaN,
      "50": NaN
    },
    "perturbation": {
      "1": 1.0668578273057938,
      "5": 3.38767891228199,
      "10": 9.372751866579057,
      "25": 124.29344342708588,
      "50": 3649.301795730591
    },
    "traj_div": {
      "1": 1.105555049777031,
      "5": 3.297785341143608,
      "10": 10.653663841485978,
      "25": 100.67364454030991,
      "50": 2477.447500972748
    }
  },
  "gt_ak": {
    "1": 0.9617653891676228,
    "5": 0.9058524331294783,
    "10": 0.8677002309387756,
    "25": 1.8261797415454353,
    "50": 5.016257899177928
  },
  "total_time_s": 113.80367040634155
}