{
  "config": {
    "env_name": "lorenz",
    "latent_dim": 16,
    "capacity": "small",
    "use_sigreg": true,
    "protocol": "5step",
    "seed": 2,
    "oracle": false,
    "n_steps": 20000,
    "batch_size": 8192,
    "lr": 0.0003,
    "wd": 0.0001,
    "lam_reg": 1.0
  },
  "final_train_loss": 0.09572852402925491,
  "final_val_mse": 0.0009756778716109693,
  "marginal_kl": 1.7162365913391113,
  "eff_latent_dim": 10,
  "wall_time_s": 218.53191018104553,
  "ak_metrics": {
    "jacobian": {
      "1": 1.499765008687973,
      "5": 3.829897665977478,
      "10": 7.02941004037857,
      "25": NaN,
      "50": NaN
    },
    "perturbation": {
      "1": 0.8988754695653915,
      "5": 1.1785516241192817,
      "10": 1.828998268544674,
      "25": 3.273914216160774,
      "50": 10.615536262691021
    },
    "traj_div": {
      "1": 0.8955262625217437,
      "5": 1.2259089916944503,
      "10": 1.841470374763012,
      "25": 3.709978016614914,
      "50": 13.074151746630669
    }
  },
  "gt_ak": {
    "1": 0.9617653891676228,
    "5": 0.9058524331294783,
    "10": 0.8677002309387756,
    "25": 1.8261797415454353,
    "50": 5.016257899177928
  },
  "total_time_s": 223.2999529838562
}