{
  "config": {
    "env_name": "stable_linear",
    "latent_dim": 16,
    "capacity": "large",
    "use_sigreg": true,
    "protocol": "1step",
    "seed": 2,
    "oracle": false,
    "n_steps": 20000,
    "batch_size": 8192,
    "lr": 0.0003,
    "wd": 0.0001,
    "lam_reg": 1.0
  },
  "final_train_loss": 0.2441098541021347,
  "final_val_mse": 0.0002283657726366073,
  "marginal_kl": 51.463531494140625,
  "eff_latent_dim": 9,
  "wall_time_s": 110.89398121833801,
  "ak_metrics": {
    "jacobian": {
      "1": 2.231458789110184,
      "5": 14.020942211151123,
      "10": 16.47153409719467,
      "25": NaN,
      "50": NaN
    },
    "perturbation": {
      "1": 1.165166608095169,
      "5": 3.262460341155529,
      "10": 4.91796496361494,
      "25": 7.1710636579990386,
      "50": 996.0180895242095
    },
    "traj_div": {
      "1": 1.1826801109313965,
      "5": 3.714010704755783,
      "10": 4.535144073963165,
      "25": 6.721207653954625,
      "50": 723.5181520852447
    }
  },
  "gt_ak": {
    "1": 0.9,
    "5": 0.59049,
    "10": 0.3486784400999998,
    "25": 0.07178979876918516,
    "50": 0.005153775207320101
  },
  "total_time_s": 119.66024255752563
}