{
  "config": {
    "env_name": "spiral_2d",
    "latent_dim": 16,
    "capacity": "large",
    "use_sigreg": false,
    "protocol": "1step",
    "seed": 0,
    "oracle": false,
    "n_steps": 20000,
    "batch_size": 8192,
    "lr": 0.0003,
    "wd": 0.0001,
    "lam_reg": 1.0
  },
  "final_train_loss": 0.0023235278204083443,
  "final_val_mse": 0.002287460397928953,
  "marginal_kl": 306.3599853515625,
  "eff_latent_dim": 5,
  "wall_time_s": 89.0072340965271,
  "ak_metrics": {
    "jacobian": {
      "1": 1.3034872591495514,
      "5": 2.239470773935318,
      "10": 2.6168610751628876,
      "25": NaN,
      "50": NaN
    },
    "perturbation": {
      "1": 0.7548457485437393,
      "5": 0.8042669183015824,
      "10": 0.8105676414072513,
      "25": 0.5249932640045881,
      "50": 0.43842970902100203
    },
    "traj_div": {
      "1": 0.7510104024410248,
      "5": 0.7752839516103268,
      "10": 0.8011079202592373,
      "25": 0.5462906083464623,
      "50": 0.6526746314018965
    }
  },
  "gt_ak": {
    "1": 1.05,
    "5": 1.2762815625000001,
    "10": 1.6288946267774416,
    "25": 3.386354940899387,
    "50": 11.467399785753683
  },
  "total_time_s": 97.81399345397949
}