{
  "config": {
    "env_name": "stable_linear",
    "latent_dim": 16,
    "capacity": "small",
    "use_sigreg": false,
    "protocol": "1step",
    "seed": 0,
    "oracle": false,
    "n_steps": 20000,
    "batch_size": 8192,
    "lr": 0.0003,
    "wd": 0.0001,
    "lam_reg": 1.0
  },
  "final_train_loss": 0.0012737610377371311,
  "final_val_mse": 0.0013489814824424683,
  "marginal_kl": 25.065933227539062,
  "eff_latent_dim": 5,
  "wall_time_s": 72.55653595924377,
  "ak_metrics": {
    "jacobian": {
      "1": 1.4698735773563385,
      "5": 3.4326895117759704,
      "10": 5.4020298540592195,
      "25": NaN,
      "50": NaN
    },
    "perturbation": {
      "1": 0.8268597555160523,
      "5": 0.9918583279848099,
      "10": 1.483713373914361,
      "25": 1.1937245813198387,
      "50": 5.162083271530573
    },
    "traj_div": {
      "1": 0.7830239906907082,
      "5": 1.0392940005660056,
      "10": 1.3186811983585358,
      "25": 2.659373270543292,
      "50": 47.75632609312219
    }
  },
  "gt_ak": {
    "1": 0.9,
    "5": 0.59049,
    "10": 0.3486784400999998,
    "25": 0.07178979876918516,
    "50": 0.005153775207320101
  },
  "total_time_s": 78.48032283782959
}