{
  "config": {
    "env_name": "spiral_2d",
    "latent_dim": 8,
    "capacity": "small",
    "use_sigreg": true,
    "protocol": "1step",
    "seed": 3,
    "oracle": false,
    "n_steps": 20000,
    "batch_size": 8192,
    "lr": 0.0003,
    "wd": 0.0001,
    "lam_reg": 1.0
  },
  "final_train_loss": 0.012402662076056004,
  "final_val_mse": 0.0005777488055173308,
  "marginal_kl": 2.597682237625122,
  "eff_latent_dim": 6,
  "wall_time_s": 78.72538661956787,
  "ak_metrics": {
    "jacobian": {
      "1": 1.5713926196098327,
      "5": 3.863006669282913,
      "10": 6.412843990325928,
      "25": NaN,
      "50": NaN
    },
    "perturbation": {
      "1": 1.060611361861229,
      "5": 1.8247338408231735,
      "10": 2.3939982557296755,
      "25": 3.8903691881895064,
      "50": 6.249559676647186
    },
    "traj_div": {
      "1": 1.0767922687530518,
      "5": 1.5662114965915679,
      "10": 2.5708206790685653,
      "25": 3.5818876099586485,
      "50": 5.378675950169563
    }
  },
  "gt_ak": {
    "1": 1.05,
    "5": 1.2762815625000001,
    "10": 1.6288946267774416,
    "25": 3.386354940899387,
    "50": 11.467399785753683
  },
  "total_time_s": 82.13391613960266
}