{
  "config": {
    "env_name": "stable_linear",
    "latent_dim": 16,
    "capacity": "small",
    "use_sigreg": false,
    "protocol": "1step",
    "seed": 4,
    "oracle": false,
    "n_steps": 20000,
    "batch_size": 8192,
    "lr": 0.0003,
    "wd": 0.0001,
    "lam_reg": 1.0
  },
  "final_train_loss": 0.0008047547307796776,
  "final_val_mse": 0.0007431428821291775,
  "marginal_kl": 32.44812774658203,
  "eff_latent_dim": 4,
  "wall_time_s": 68.12402415275574,
  "ak_metrics": {
    "jacobian": {
      "1": 1.616956466436386,
      "5": 6.393890452384949,
      "10": 17.54136323928833,
      "25": NaN,
      "50": NaN
    },
    "perturbation": {
      "1": 0.8225200909376145,
      "5": 1.5413854238390923,
      "10": 3.626209541261196,
      "25": 21.413509058952332,
      "50": 394.9378736782074
    },
    "traj_div": {
      "1": 0.8223222994804382,
      "5": 1.5612856328487397,
      "10": 3.4371786987781525,
      "25": 26.752465461492537,
      "50": 396.2129387283325
    }
  },
  "gt_ak": {
    "1": 0.9,
    "5": 0.59049,
    "10": 0.3486784400999998,
    "25": 0.07178979876918516,
    "50": 0.005153775207320101
  },
  "total_time_s": 72.82170987129211
}