{
  "config": {
    "env_name": "spiral_2d",
    "latent_dim": 8,
    "capacity": "small",
    "use_sigreg": true,
    "protocol": "1step",
    "seed": 4,
    "oracle": false,
    "n_steps": 20000,
    "batch_size": 8192,
    "lr": 0.0003,
    "wd": 0.0001,
    "lam_reg": 1.0
  },
  "final_train_loss": 0.018595807254314423,
  "final_val_mse": 0.0006168972235172987,
  "marginal_kl": 2.9311611652374268,
  "eff_latent_dim": 6,
  "wall_time_s": 89.76527142524719,
  "ak_metrics": {
    "jacobian": {
      "1": 1.3401441752910614,
      "5": 2.974193739891052,
      "10": 5.214829075336456,
      "25": NaN,
      "50": NaN
    },
    "perturbation": {
      "1": 1.0376943141222,
      "5": 1.461910259127617,
      "10": 2.103529023528099,
      "25": 7.304139614105225,
      "50": 26.965422372817994
    },
    "traj_div": {
      "1": 1.0330215775966645,
      "5": 1.3984009969234465,
      "10": 1.9910388326644897,
      "25": 6.937849383354187,
      "50": 25.580453066825868
    }
  },
  "gt_ak": {
    "1": 1.05,
    "5": 1.2762815625000001,
    "10": 1.6288946267774416,
    "25": 3.386354940899387,
    "50": 11.467399785753683
  },
  "total_time_s": 93.45983958244324
}