{
  "config": {
    "env_name": "lorenz",
    "latent_dim": 16,
    "capacity": "large",
    "use_sigreg": false,
    "protocol": "5step",
    "seed": 1,
    "oracle": false,
    "n_steps": 20000,
    "batch_size": 8192,
    "lr": 0.0003,
    "wd": 0.0001,
    "lam_reg": 1.0
  },
  "final_train_loss": 0.15161854028701782,
  "final_val_mse": 0.011719919461756944,
  "marginal_kl": 36.27010726928711,
  "eff_latent_dim": 5,
  "wall_time_s": 253.5817573070526,
  "ak_metrics": {
    "jacobian": {
      "1": 1.1419198215007782,
      "5": 1.656587725877762,
      "10": 2.55562624335289,
      "25": NaN,
      "50": NaN
    },
    "perturbation": {
      "1": 0.5742991706728935,
      "5": 0.4948665928840637,
      "10": 0.5541741185635328,
      "25": 0.9648002554662526,
      "50": 1.68302082631737
    },
    "traj_div": {
      "1": 0.5881170344352722,
      "5": 0.47489098720252515,
      "10": 0.5568336674943566,
      "25": 1.0361783938482403,
      "50": 1.399881822541356
    }
  },
  "gt_ak": {
    "1": 0.9617653891676228,
    "5": 0.9058524331294783,
    "10": 0.8677002309387756,
    "25": 1.8261797415454353,
    "50": 5.016257899177928
  },
  "total_time_s": 262.60633301734924
}