{
  "config": {
    "env_name": "spiral_2d",
    "latent_dim": 16,
    "capacity": "large",
    "use_sigreg": true,
    "protocol": "1step",
    "seed": 1,
    "oracle": false,
    "n_steps": 20000,
    "batch_size": 8192,
    "lr": 0.0003,
    "wd": 0.0001,
    "lam_reg": 1.0
  },
  "final_train_loss": 0.06934338808059692,
  "final_val_mse": 0.0006486437458079308,
  "marginal_kl": 4.000899314880371,
  "eff_latent_dim": 6,
  "wall_time_s": 109.49760365486145,
  "ak_metrics": {
    "jacobian": {
      "1": 1.2757377207279206,
      "5": 1.9186771750450133,
      "10": 2.2755772471427917,
      "25": NaN,
      "50": NaN
    },
    "perturbation": {
      "1": 0.7775978493690491,
      "5": 0.6489920583367348,
      "10": 0.6234218195825815,
      "25": 0.8932219367474318,
      "50": 0.8290344510949217
    },
    "traj_div": {
      "1": 0.7895482206344604,
      "5": 0.6579484181851148,
      "10": 0.6856961867213249,
      "25": 0.8035669527947903,
      "50": 0.9360544199496508
    }
  },
  "gt_ak": {
    "1": 1.05,
    "5": 1.2762815625000001,
    "10": 1.6288946267774416,
    "25": 3.386354940899387,
    "50": 11.467399785753683
  },
  "total_time_s": 118.34516882896423
}