{
  "config": {
    "env_name": "stable_linear",
    "latent_dim": 16,
    "capacity": "small",
    "use_sigreg": false,
    "protocol": "5step",
    "seed": 1,
    "oracle": false,
    "n_steps": 20000,
    "batch_size": 8192,
    "lr": 0.0003,
    "wd": 0.0001,
    "lam_reg": 1.0
  },
  "final_train_loss": 0.00039474820368923247,
  "final_val_mse": 0.00012462212616810576,
  "marginal_kl": 222.46826171875,
  "eff_latent_dim": 3,
  "wall_time_s": 172.60917925834656,
  "ak_metrics": {
    "jacobian": {
      "1": 1.149278461933136,
      "5": 1.0864799737930297,
      "10": 1.0167211025953293,
      "25": NaN,
      "50": NaN
    },
    "perturbation": {
      "1": 0.5985389745235443,
      "5": 0.3831049448996782,
      "10": 0.26578739907592536,
      "25": 0.12062055095098913,
      "50": 0.030362334006931634
    },
    "traj_div": {
      "1": 0.6089588806033135,
      "5": 0.36934311747550963,
      "10": 0.2743813827261329,
      "25": 0.11720145002007484,
      "50": 0.033276261267019436
    }
  },
  "gt_ak": {
    "1": 0.9,
    "5": 0.59049,
    "10": 0.3486784400999998,
    "25": 0.07178979876918516,
    "50": 0.005153775207320101
  },
  "total_time_s": 177.18548941612244
}