{
  "config": {
    "env_name": "spiral_2d",
    "latent_dim": 16,
    "capacity": "small",
    "use_sigreg": true,
    "protocol": "5step",
    "seed": 0,
    "oracle": false,
    "n_steps": 20000,
    "batch_size": 8192,
    "lr": 0.0003,
    "wd": 0.0001,
    "lam_reg": 1.0
  },
  "final_train_loss": 0.04643402621150017,
  "final_val_mse": 0.0013657087460160256,
  "marginal_kl": 3.3234081268310547,
  "eff_latent_dim": 5,
  "wall_time_s": 222.34252834320068,
  "ak_metrics": {
    "jacobian": {
      "1": 1.2087373912334443,
      "5": 1.6264112770557404,
      "10": 1.935629177093506,
      "25": NaN,
      "50": NaN
    },
    "perturbation": {
      "1": 0.8001984146237373,
      "5": 0.5808484095335007,
      "10": 0.6627572536468506,
      "25": 1.0435220736265183,
      "50": 1.7909640841186047
    },
    "traj_div": {
      "1": 0.7957249140739441,
      "5": 0.6257365518808364,
      "10": 0.6037811870127916,
      "25": 0.9652593070268631,
      "50": 1.8838655078411102
    }
  },
  "gt_ak": {
    "1": 1.05,
    "5": 1.2762815625000001,
    "10": 1.6288946267774416,
    "25": 3.386354940899387,
    "50": 11.467399785753683
  },
  "total_time_s": 227.11532258987427
}