{
  "config": {
    "env_name": "spiral_2d",
    "latent_dim": 32,
    "capacity": "small",
    "use_sigreg": true,
    "protocol": "1step",
    "seed": 0,
    "oracle": false,
    "n_steps": 20000,
    "batch_size": 8192,
    "lr": 0.0003,
    "wd": 0.0001,
    "lam_reg": 1.0
  },
  "final_train_loss": 0.15444301068782806,
  "final_val_mse": 0.0036584584973752498,
  "marginal_kl": 3.397660255432129,
  "eff_latent_dim": 10,
  "wall_time_s": 92.29998111724854,
  "ak_metrics": {
    "jacobian": {
      "1": 2.1646491289138794,
      "5": 6.568673098087311,
      "10": 14.628047156333924,
      "25": NaN,
      "50": NaN
    },
    "perturbation": {
      "1": 1.0752165216207503,
      "5": 1.7794273990392684,
      "10": 3.8694100934267044,
      "25": 12.648321604728698,
      "50": 8.465627393871547
    },
    "traj_div": {
      "1": 1.0880164098739624,
      "5": 1.8951298898458482,
      "10": 3.1700401026010514,
      "25": 9.782383423447609,
      "50": 7.385748307108879
    }
  },
  "gt_ak": {
    "1": 1.05,
    "5": 1.2762815625000001,
    "10": 1.6288946267774416,
    "25": 3.386354940899387,
    "50": 11.467399785753683
  },
  "total_time_s": 99.53719568252563
}