{
  "config": {
    "env_name": "spiral_2d",
    "latent_dim": 32,
    "capacity": "small",
    "use_sigreg": true,
    "protocol": "1step",
    "seed": 3,
    "oracle": false,
    "n_steps": 20000,
    "batch_size": 8192,
    "lr": 0.0003,
    "wd": 0.0001,
    "lam_reg": 1.0
  },
  "final_train_loss": 0.17338453233242035,
  "final_val_mse": 0.0043812275398522615,
  "marginal_kl": 4.1225504875183105,
  "eff_latent_dim": 9,
  "wall_time_s": 90.06603026390076,
  "ak_metrics": {
    "jacobian": {
      "1": 2.1373555123806,
      "5": 5.999783611297607,
      "10": 15.052501583099366,
      "25": NaN,
      "50": NaN
    },
    "perturbation": {
      "1": 1.104401775598526,
      "5": 1.9528831541538239,
      "10": 3.595489509701729,
      "25": 6.542717057764531,
      "50": 1.117018295453163
    },
    "traj_div": {
      "1": 1.074766052365303,
      "5": 1.8493622571229935,
      "10": 3.39607466340065,
      "25": 5.903474311456084,
      "50": 0.9255948869307759
    }
  },
  "gt_ak": {
    "1": 1.05,
    "5": 1.2762815625000001,
    "10": 1.6288946267774416,
    "25": 3.386354940899387,
    "50": 11.467399785753683
  },
  "total_time_s": 96.80790710449219
}