{
  "config": {
    "env_name": "stable_linear",
    "latent_dim": 16,
    "capacity": "large",
    "use_sigreg": false,
    "protocol": "5step",
    "seed": 3,
    "oracle": false,
    "n_steps": 20000,
    "batch_size": 8192,
    "lr": 0.0003,
    "wd": 0.0001,
    "lam_reg": 1.0
  },
  "final_train_loss": 0.003006997751072049,
  "final_val_mse": 0.0008965881890617311,
  "marginal_kl": 71.5391845703125,
  "eff_latent_dim": 2,
  "wall_time_s": 256.99649381637573,
  "ak_metrics": {
    "jacobian": {
      "1": 1.1426278471946716,
      "5": 0.9667521834373474,
      "10": 0.6779905915260315,
      "25": NaN,
      "50": NaN
    },
    "perturbation": {
      "1": 0.520915827602148,
      "5": 0.363134191185236,
      "10": 0.1939385386928916,
      "25": 0.051066151496488604,
      "50": 0.0038418783436645755
    },
    "traj_div": {
      "1": 0.5316706648468972,
      "5": 0.33278220757842064,
      "10": 0.2197972955973819,
      "25": 0.05166868694592267,
      "50": 0.0031476109429786447
    }
  },
  "gt_ak": {
    "1": 0.9,
    "5": 0.59049,
    "10": 0.3486784400999998,
    "25": 0.07178979876918516,
    "50": 0.005153775207320101
  },
  "total_time_s": 264.119722366333
}