{
  "config": {
    "env_name": "lorenz",
    "latent_dim": 16,
    "capacity": "large",
    "use_sigreg": false,
    "protocol": "1step",
    "seed": 1,
    "oracle": false,
    "n_steps": 20000,
    "batch_size": 8192,
    "lr": 0.0003,
    "wd": 0.0001,
    "lam_reg": 1.0
  },
  "final_train_loss": 0.000296773505397141,
  "final_val_mse": 0.00030675201560370624,
  "marginal_kl": 58.93267822265625,
  "eff_latent_dim": 7,
  "wall_time_s": 87.85345983505249,
  "ak_metrics": {
    "jacobian": {
      "1": 1.2769080340862273,
      "5": 2.834134113788605,
      "10": 5.445386457443237,
      "25": NaN,
      "50": NaN
    },
    "perturbation": {
      "1": 1.0072222501039505,
      "5": 1.268780863881111,
      "10": 1.952739971280098,
      "25": 5.606953382492065,
      "50": 13.998868932127953
    },
    "traj_div": {
      "1": 1.0132161694765092,
      "5": 1.2954749321937562,
      "10": 1.9198503094911574,
      "25": 6.4551491522789,
      "50": 20.51347283601761
    }
  },
  "gt_ak": {
    "1": 0.9617653891676228,
    "5": 0.9058524331294783,
    "10": 0.8677002309387756,
    "25": 1.8261797415454353,
    "50": 5.016257899177928
  },
  "total_time_s": 97.02833437919617
}