{
  "config": {
    "env_name": "spiral_2d",
    "latent_dim": 16,
    "capacity": "large",
    "use_sigreg": false,
    "protocol": "1step",
    "seed": 2,
    "oracle": false,
    "n_steps": 20000,
    "batch_size": 8192,
    "lr": 0.0003,
    "wd": 0.0001,
    "lam_reg": 1.0
  },
  "final_train_loss": 0.0034987207036465406,
  "final_val_mse": 0.0035023454576730726,
  "marginal_kl": 143.24813842773438,
  "eff_latent_dim": 5,
  "wall_time_s": 91.07783436775208,
  "ak_metrics": {
    "jacobian": {
      "1": 1.3877426743507386,
      "5": 2.6104673027992247,
      "10": 3.126151514053345,
      "25": NaN,
      "50": NaN
    },
    "perturbation": {
      "1": 0.6870400503277778,
      "5": 0.7601123920828105,
      "10": 0.8582046191394329,
      "25": 0.9201803225278854,
      "50": 0.7541828191000968
    },
    "traj_div": {
      "1": 0.6865238037705421,
      "5": 0.696109184473753,
      "10": 0.8034862609580159,
      "25": 0.8325939170829951,
      "50": 0.7287043178081513
    }
  },
  "gt_ak": {
    "1": 1.05,
    "5": 1.2762815625000001,
    "10": 1.6288946267774416,
    "25": 3.386354940899387,
    "50": 11.467399785753683
  },
  "total_time_s": 99.75688743591309
}