{
  "config": {
    "env_name": "spiral_2d",
    "latent_dim": 16,
    "capacity": "large",
    "use_sigreg": false,
    "protocol": "1step",
    "seed": 4,
    "oracle": false,
    "n_steps": 20000,
    "batch_size": 8192,
    "lr": 0.0003,
    "wd": 0.0001,
    "lam_reg": 1.0
  },
  "final_train_loss": 0.0004762666649185121,
  "final_val_mse": 0.0004761465796036646,
  "marginal_kl": 141.56263732910156,
  "eff_latent_dim": 3,
  "wall_time_s": 87.41779255867004,
  "ak_metrics": {
    "jacobian": {
      "1": 1.3287454903125764,
      "5": 2.6484778046607973,
      "10": 3.6917736530303955,
      "25": NaN,
      "50": NaN
    },
    "perturbation": {
      "1": 0.6941497391462326,
      "5": 0.828464153856039,
      "10": 1.0389503681659698,
      "25": 1.056687053963542,
      "50": 1.0564127932861447
    },
    "traj_div": {
      "1": 0.6570687919855118,
      "5": 0.7559019075334072,
      "10": 0.8861681313067674,
      "25": 0.9290526836365461,
      "50": 0.6727047992497682
    }
  },
  "gt_ak": {
    "1": 1.05,
    "5": 1.2762815625000001,
    "10": 1.6288946267774416,
    "25": 3.386354940899387,
    "50": 11.467399785753683
  },
  "total_time_s": 96.37283182144165
}