{
  "config": {
    "env_name": "stable_linear",
    "latent_dim": 16,
    "capacity": "large",
    "use_sigreg": false,
    "protocol": "1step",
    "seed": 1,
    "oracle": false,
    "n_steps": 20000,
    "batch_size": 8192,
    "lr": 0.0003,
    "wd": 0.0001,
    "lam_reg": 1.0
  },
  "final_train_loss": 5.530867201741785e-05,
  "final_val_mse": 7.824004715075716e-05,
  "marginal_kl": 17.639570236206055,
  "eff_latent_dim": 4,
  "wall_time_s": 88.34181690216064,
  "ak_metrics": {
    "jacobian": {
      "1": 1.4300363183021545,
      "5": 2.0067778050899507,
      "10": 2.0205546647310255,
      "25": NaN,
      "50": NaN
    },
    "perturbation": {
      "1": 0.6901531049609184,
      "5": 0.5576369591057301,
      "10": 0.5134145970642566,
      "25": 0.28806050663231875,
      "50": 0.013044844216201454
    },
    "traj_div": {
      "1": 0.6777518451213836,
      "5": 0.5122728247195483,
      "10": 0.37355744460597634,
      "25": 0.09536543616093696,
      "50": 0.007649497816164513
    }
  },
  "gt_ak": {
    "1": 0.9,
    "5": 0.59049,
    "10": 0.3486784400999998,
    "25": 0.07178979876918516,
    "50": 0.005153775207320101
  },
  "total_time_s": 96.44415521621704
}