{
  "config": {
    "env_name": "stable_linear",
    "latent_dim": 16,
    "capacity": "large",
    "use_sigreg": false,
    "protocol": "1step",
    "seed": 4,
    "oracle": false,
    "n_steps": 20000,
    "batch_size": 8192,
    "lr": 0.0003,
    "wd": 0.0001,
    "lam_reg": 1.0
  },
  "final_train_loss": 4.658879333874211e-05,
  "final_val_mse": 3.9912949432618916e-05,
  "marginal_kl": 14.254605293273926,
  "eff_latent_dim": 5,
  "wall_time_s": 87.22032713890076,
  "ak_metrics": {
    "jacobian": {
      "1": 1.4271281838417054,
      "5": 3.05073424577713,
      "10": 4.506823801994324,
      "25": NaN,
      "50": NaN
    },
    "perturbation": {
      "1": 0.7722157007455825,
      "5": 0.8816738827526569,
      "10": 1.2801687758415938,
      "25": 1.2781420670077204,
      "50": 3.0541987833636814
    },
    "traj_div": {
      "1": 0.7444769930839539,
      "5": 0.8152329060435295,
      "10": 1.102277460321784,
      "25": 0.6932278786227107,
      "50": 0.18540561498026364
    }
  },
  "gt_ak": {
    "1": 0.9,
    "5": 0.59049,
    "10": 0.3486784400999998,
    "25": 0.07178979876918516,
    "50": 0.005153775207320101
  },
  "total_time_s": 96.20719242095947
}