{
  "config": {
    "env_name": "spiral_2d",
    "latent_dim": 16,
    "capacity": "small",
    "use_sigreg": false,
    "protocol": "5step",
    "seed": 0,
    "oracle": false,
    "n_steps": 20000,
    "batch_size": 8192,
    "lr": 0.0003,
    "wd": 0.0001,
    "lam_reg": 1.0
  },
  "final_train_loss": 0.03065495938062668,
  "final_val_mse": 0.0022644746815785764,
  "marginal_kl": 276.59490966796875,
  "eff_latent_dim": 3,
  "wall_time_s": 171.239417552948,
  "ak_metrics": {
    "jacobian": {
      "1": 1.2012817203998565,
      "5": 1.8610210180282594,
      "10": 2.4195003479719164,
      "25": NaN,
      "50": NaN
    },
    "perturbation": {
      "1": 0.47044566839933394,
      "5": 0.4753977497667074,
      "10": 0.47129328943789006,
      "25": 0.4363896436616778,
      "50": 0.2747422739677131
    },
    "traj_div": {
      "1": 0.4795973604917526,
      "5": 0.45141793437302113,
      "10": 0.4747049058973789,
      "25": 0.5054785461723804,
      "50": 0.3166028711944818
    }
  },
  "gt_ak": {
    "1": 1.05,
    "5": 1.2762815625000001,
    "10": 1.6288946267774416,
    "25": 3.386354940899387,
    "50": 11.467399785753683
  },
  "total_time_s": 175.90523743629456
}