{
  "config": {
    "env_name": "stable_linear",
    "latent_dim": 16,
    "capacity": "large",
    "use_sigreg": true,
    "protocol": "5step",
    "seed": 3,
    "oracle": false,
    "n_steps": 20000,
    "batch_size": 8192,
    "lr": 0.0003,
    "wd": 0.0001,
    "lam_reg": 1.0
  },
  "final_train_loss": 0.2624908983707428,
  "final_val_mse": 0.0006464479898568243,
  "marginal_kl": 47.55940246582031,
  "eff_latent_dim": 9,
  "wall_time_s": 305.05344820022583,
  "ak_metrics": {
    "jacobian": {
      "1": 2.0046237826347353,
      "5": 6.939435040950775,
      "10": 4.954603812098503,
      "25": NaN,
      "50": NaN
    },
    "perturbation": {
      "1": 0.9208933091163636,
      "5": 1.5440422771126032,
      "10": 1.4530649461969734,
      "25": 0.22801733727566897,
      "50": 0.037336299798917026
    },
    "traj_div": {
      "1": 0.9120566987991333,
      "5": 1.785177835971117,
      "10": 1.9590201118588448,
      "25": 0.24263284561689943,
      "50": 0.04329313732217997
    }
  },
  "gt_ak": {
    "1": 0.9,
    "5": 0.59049,
    "10": 0.3486784400999998,
    "25": 0.07178979876918516,
    "50": 0.005153775207320101
  },
  "total_time_s": 313.14078879356384
}