{
  "config": {
    "env_name": "stable_linear",
    "latent_dim": 16,
    "capacity": "small",
    "use_sigreg": true,
    "protocol": "1step",
    "seed": 2,
    "oracle": false,
    "n_steps": 20000,
    "batch_size": 8192,
    "lr": 0.0003,
    "wd": 0.0001,
    "lam_reg": 1.0
  },
  "final_train_loss": 0.2590274512767792,
  "final_val_mse": 0.0007213154924102128,
  "marginal_kl": 53.02497482299805,
  "eff_latent_dim": 9,
  "wall_time_s": 93.142174243927,
  "ak_metrics": {
    "jacobian": {
      "1": 1.882497376203537,
      "5": 10.691361427307129,
      "10": 17.615959191322325,
      "25": NaN,
      "50": NaN
    },
    "perturbation": {
      "1": 1.168324637413025,
      "5": 2.784244272112846,
      "10": 4.295365026295185,
      "25": 36.54993049174547,
      "50": 2615.8143605324813
    },
    "traj_div": {
      "1": 1.1746584069728851,
      "5": 3.134970979690552,
      "10": 4.940022948086262,
      "25": 52.48091851077974,
      "50": 2463.649452864882
    }
  },
  "gt_ak": {
    "1": 0.9,
    "5": 0.59049,
    "10": 0.3486784400999998,
    "25": 0.07178979876918516,
    "50": 0.005153775207320101
  },
  "total_time_s": 98.23228812217712
}