{
  "config": {
    "env_name": "stable_linear",
    "latent_dim": 16,
    "capacity": "small",
    "use_sigreg": true,
    "protocol": "5step",
    "seed": 1,
    "oracle": false,
    "n_steps": 20000,
    "batch_size": 8192,
    "lr": 0.0003,
    "wd": 0.0001,
    "lam_reg": 1.0
  },
  "final_train_loss": 0.25794717669487,
  "final_val_mse": 0.0010208012419752777,
  "marginal_kl": 51.872825622558594,
  "eff_latent_dim": 10,
  "wall_time_s": 218.8233847618103,
  "ak_metrics": {
    "jacobian": {
      "1": 1.6407796263694763,
      "5": 6.547995102405548,
      "10": 9.320311719179154,
      "25": NaN,
      "50": NaN
    },
    "perturbation": {
      "1": 1.0349404656887053,
      "5": 2.036483906805515,
      "10": 2.4231744196265934,
      "25": 0.3515891986899078,
      "50": 0.0333745024970267
    },
    "traj_div": {
      "1": 1.02466056227684,
      "5": 1.673327194750309,
      "10": 1.458917470946908,
      "25": 0.1817984509561211,
      "50": 0.023187858054880054
    }
  },
  "gt_ak": {
    "1": 0.9,
    "5": 0.59049,
    "10": 0.3486784400999998,
    "25": 0.07178979876918516,
    "50": 0.005153775207320101
  },
  "total_time_s": 223.6422097682953
}