{
  "config": {
    "env_name": "spiral_2d",
    "latent_dim": 16,
    "capacity": "large",
    "use_sigreg": false,
    "protocol": "5step",
    "seed": 1,
    "oracle": false,
    "n_steps": 20000,
    "batch_size": 8192,
    "lr": 0.0003,
    "wd": 0.0001,
    "lam_reg": 1.0
  },
  "final_train_loss": 0.026491336524486542,
  "final_val_mse": 0.004837679816409946,
  "marginal_kl": 410.9142150878906,
  "eff_latent_dim": 2,
  "wall_time_s": 254.9995300769806,
  "ak_metrics": {
    "jacobian": {
      "1": 1.383484774827957,
      "5": 3.0898238897323607,
      "10": 4.168671435117721,
      "25": NaN,
      "50": NaN
    },
    "perturbation": {
      "1": 0.5748538431525231,
      "5": 0.7405740694701671,
      "10": 1.036333816535771,
      "25": 1.4837480496615172,
      "50": 1.866443872731179
    },
    "traj_div": {
      "1": 0.523157693296671,
      "5": 0.6882467336207628,
      "10": 1.0115964204072951,
      "25": 1.0475360861793162,
      "50": 1.524323838017881
    }
  },
  "gt_ak": {
    "1": 1.05,
    "5": 1.2762815625000001,
    "10": 1.6288946267774416,
    "25": 3.386354940899387,
    "50": 11.467399785753683
  },
  "total_time_s": 264.40075421333313
}