{
  "config": {
    "env_name": "stable_linear",
    "latent_dim": 16,
    "capacity": "small",
    "use_sigreg": true,
    "protocol": "1step",
    "seed": 0,
    "oracle": false,
    "n_steps": 20000,
    "batch_size": 8192,
    "lr": 0.0003,
    "wd": 0.0001,
    "lam_reg": 1.0
  },
  "final_train_loss": 0.32922056317329407,
  "final_val_mse": 0.000626247824402526,
  "marginal_kl": 48.754913330078125,
  "eff_latent_dim": 10,
  "wall_time_s": 88.07837176322937,
  "ak_metrics": {
    "jacobian": {
      "1": 1.703301191329956,
      "5": 6.824794989824295,
      "10": 11.299523466825486,
      "25": NaN,
      "50": NaN
    },
    "perturbation": {
      "1": 1.1876977324485778,
      "5": 3.152722845673561,
      "10": 5.03469076693058,
      "25": 12.994048974812031,
      "50": 495.77884780324996
    },
    "traj_div": {
      "1": 1.1851018965244293,
      "5": 2.8033297204971315,
      "10": 4.44590674161911,
      "25": 10.35670459344983,
      "50": 78.85148285448551
    }
  },
  "gt_ak": {
    "1": 0.9,
    "5": 0.59049,
    "10": 0.3486784400999998,
    "25": 0.07178979876918516,
    "50": 0.005153775207320101
  },
  "total_time_s": 92.91966247558594
}