{
  "config": {
    "env_name": "spiral_2d",
    "latent_dim": 2,
    "capacity": "small",
    "use_sigreg": true,
    "protocol": "1step",
    "seed": 2,
    "oracle": false,
    "n_steps": 20000,
    "batch_size": 8192,
    "lr": 0.0003,
    "wd": 0.0001,
    "lam_reg": 1.0
  },
  "final_train_loss": 0.0016801910242065787,
  "final_val_mse": 0.0004406104242661968,
  "marginal_kl": 0.005292516201734543,
  "eff_latent_dim": 2,
  "wall_time_s": 89.87522768974304,
  "ak_metrics": {
    "jacobian": {
      "1": 1.0366146743297577,
      "5": 1.0627374410629273,
      "10": 1.1545512914657592,
      "25": NaN,
      "50": NaN
    },
    "perturbation": {
      "1": 0.9875267243385315,
      "5": 0.9650544154644013,
      "10": 0.9423978462815285,
      "25": 1.0862756136059761,
      "50": 1.1745378366112709
    },
    "traj_div": {
      "1": 0.9902928882837295,
      "5": 0.9750983190536499,
      "10": 0.9499433556199074,
      "25": 1.0669170954823495,
      "50": 1.3317371521890164
    }
  },
  "gt_ak": {
    "1": 1.05,
    "5": 1.2762815625000001,
    "10": 1.6288946267774416,
    "25": 3.386354940899387,
    "50": 11.467399785753683
  },
  "total_time_s": 92.4051902294159
}