{
  "config": {
    "env_name": "stable_linear",
    "latent_dim": 16,
    "capacity": "large",
    "use_sigreg": true,
    "protocol": "5step",
    "seed": 2,
    "oracle": false,
    "n_steps": 20000,
    "batch_size": 8192,
    "lr": 0.0003,
    "wd": 0.0001,
    "lam_reg": 1.0
  },
  "final_train_loss": 0.2520417273044586,
  "final_val_mse": 0.0005391122365836054,
  "marginal_kl": 52.019020080566406,
  "eff_latent_dim": 9,
  "wall_time_s": 290.9509439468384,
  "ak_metrics": {
    "jacobian": {
      "1": 1.9863703668117523,
      "5": 7.682842159271241,
      "10": 6.519014726579189,
      "25": NaN,
      "50": NaN
    },
    "perturbation": {
      "1": 0.930865778028965,
      "5": 1.8410276326537132,
      "10": 1.5635903611779214,
      "25": 0.1903377716988325,
      "50": 0.047568467293167487
    },
    "traj_div": {
      "1": 0.9458376932144165,
      "5": 1.9292368529736996,
      "10": 1.4736513450741768,
      "25": 0.17385033033788205,
      "50": 0.03388030038739089
    }
  },
  "gt_ak": {
    "1": 0.9,
    "5": 0.59049,
    "10": 0.3486784400999998,
    "25": 0.07178979876918516,
    "50": 0.005153775207320101
  },
  "total_time_s": 299.5041320323944
}