{
  "config": {
    "env_name": "lorenz",
    "latent_dim": 16,
    "capacity": "small",
    "use_sigreg": false,
    "protocol": "1step",
    "seed": 4,
    "oracle": false,
    "n_steps": 20000,
    "batch_size": 8192,
    "lr": 0.0003,
    "wd": 0.0001,
    "lam_reg": 1.0
  },
  "final_train_loss": 0.015884850174188614,
  "final_val_mse": 0.014987994357943535,
  "marginal_kl": 344.0774230957031,
  "eff_latent_dim": 5,
  "wall_time_s": 71.60869860649109,
  "ak_metrics": {
    "jacobian": {
      "1": 1.3014611542224883,
      "5": 2.7526116967201233,
      "10": 4.559830999374389,
      "25": NaN,
      "50": NaN
    },
    "perturbation": {
      "1": 1.0070746457576751,
      "5": 1.318749687075615,
      "10": 1.8689571100473403,
      "25": 2.9365044152736663,
      "50": 4.065420871973037
    },
    "traj_div": {
      "1": 0.9998847973346711,
      "5": 1.282609339952469,
      "10": 1.791741749048233,
      "25": 3.274848484992981,
      "50": 3.965216488838196
    }
  },
  "gt_ak": {
    "1": 0.9617653891676228,
    "5": 0.9058524331294783,
    "10": 0.8677002309387756,
    "25": 1.8261797415454353,
    "50": 5.016257899177928
  },
  "total_time_s": 76.33818459510803
}