{
  "config": {
    "env_name": "lorenz",
    "latent_dim": 16,
    "capacity": "large",
    "use_sigreg": false,
    "protocol": "1step",
    "seed": 3,
    "oracle": false,
    "n_steps": 20000,
    "batch_size": 8192,
    "lr": 0.0003,
    "wd": 0.0001,
    "lam_reg": 1.0
  },
  "final_train_loss": 0.002359251491725445,
  "final_val_mse": 0.0023564976407215,
  "marginal_kl": 11.384279251098633,
  "eff_latent_dim": 8,
  "wall_time_s": 88.44354176521301,
  "ak_metrics": {
    "jacobian": {
      "1": 1.3234178721904755,
      "5": 2.81181081533432,
      "10": 4.475784468650818,
      "25": NaN,
      "50": NaN
    },
    "perturbation": {
      "1": 0.8736533832550049,
      "5": 0.9913573315739632,
      "10": 1.4467439329624177,
      "25": 4.273763715922833,
      "50": 27.743721146583557
    },
    "traj_div": {
      "1": 0.8659959870576859,
      "5": 1.0267105770111085,
      "10": 1.4131911519169806,
      "25": 4.26718847155571,
      "50": 33.00765331685543
    }
  },
  "gt_ak": {
    "1": 0.9617653891676228,
    "5": 0.9058524331294783,
    "10": 0.8677002309387756,
    "25": 1.8261797415454353,
    "50": 5.016257899177928
  },
  "total_time_s": 97.22619390487671
}