{
  "config": {
    "env_name": "stable_linear",
    "latent_dim": 16,
    "capacity": "large",
    "use_sigreg": false,
    "protocol": "5step",
    "seed": 4,
    "oracle": false,
    "n_steps": 20000,
    "batch_size": 8192,
    "lr": 0.0003,
    "wd": 0.0001,
    "lam_reg": 1.0
  },
  "final_train_loss": 0.003791757393628359,
  "final_val_mse": 0.0011386199505068362,
  "marginal_kl": 60.441566467285156,
  "eff_latent_dim": 3,
  "wall_time_s": 252.38123631477356,
  "ak_metrics": {
    "jacobian": {
      "1": 1.15319522023201,
      "5": 0.9918510794639588,
      "10": 0.7259735628962517,
      "25": NaN,
      "50": NaN
    },
    "perturbation": {
      "1": 0.4876164683699608,
      "5": 0.2551974803581834,
      "10": 0.16510608170181512,
      "25": 0.04232845654943958,
      "50": 0.0032560648341313937
    },
    "traj_div": {
      "1": 0.48748280078172684,
      "5": 0.24162369702011346,
      "10": 0.16390869857743381,
      "25": 0.03522234099218622,
      "50": 0.00269572521574446
    }
  },
  "gt_ak": {
    "1": 0.9,
    "5": 0.59049,
    "10": 0.3486784400999998,
    "25": 0.07178979876918516,
    "50": 0.005153775207320101
  },
  "total_time_s": 261.3883581161499
}