{
  "config": {
    "env_name": "stable_linear",
    "latent_dim": 16,
    "capacity": "large",
    "use_sigreg": true,
    "protocol": "1step",
    "seed": 4,
    "oracle": false,
    "n_steps": 20000,
    "batch_size": 8192,
    "lr": 0.0003,
    "wd": 0.0001,
    "lam_reg": 1.0
  },
  "final_train_loss": 0.3417671322822571,
  "final_val_mse": 0.00023387877736240624,
  "marginal_kl": 52.51871871948242,
  "eff_latent_dim": 9,
  "wall_time_s": 111.21622061729431,
  "ak_metrics": {
    "jacobian": {
      "1": 1.8790938794612884,
      "5": 7.471164965629578,
      "10": 11.740536749362946,
      "25": NaN,
      "50": NaN
    },
    "perturbation": {
      "1": 1.178814108967781,
      "5": 3.374749673008919,
      "10": 5.4492369571328165,
      "25": 9.119906312823296,
      "50": 43.45392926692963
    },
    "traj_div": {
      "1": 1.202557429075241,
      "5": 3.8040426683425905,
      "10": 5.055206018388271,
      "25": 4.815396491587162,
      "50": 52.20989293068647
    }
  },
  "gt_ak": {
    "1": 0.9,
    "5": 0.59049,
    "10": 0.3486784400999998,
    "25": 0.07178979876918516,
    "50": 0.005153775207320101
  },
  "total_time_s": 120.27946305274963
}