{
  "config": {
    "env_name": "stable_linear",
    "latent_dim": 16,
    "capacity": "small",
    "use_sigreg": true,
    "protocol": "5step",
    "seed": 4,
    "oracle": false,
    "n_steps": 20000,
    "batch_size": 8192,
    "lr": 0.0003,
    "wd": 0.0001,
    "lam_reg": 1.0
  },
  "final_train_loss": 0.39399254322052,
  "final_val_mse": 0.001221485564019531,
  "marginal_kl": 54.97102355957031,
  "eff_latent_dim": 9,
  "wall_time_s": 222.5050506591797,
  "ak_metrics": {
    "jacobian": {
      "1": 1.6705676436424255,
      "5": 5.489587408304215,
      "10": 5.751384145021438,
      "25": NaN,
      "50": NaN
    },
    "perturbation": {
      "1": 1.0492858439683914,
      "5": 1.6170560336112976,
      "10": 1.4688408928364516,
      "25": 0.2277940364787355,
      "50": 0.02259666101555922
    },
    "traj_div": {
      "1": 1.032266542315483,
      "5": 1.7970087730884552,
      "10": 1.453535053730011,
      "25": 0.23084358973428606,
      "50": 0.02272518788056914
    }
  },
  "gt_ak": {
    "1": 0.9,
    "5": 0.59049,
    "10": 0.3486784400999998,
    "25": 0.07178979876918516,
    "50": 0.005153775207320101
  },
  "total_time_s": 226.91766571998596
}