{
  "config": {
    "env_name": "spiral_2d",
    "latent_dim": 16,
    "capacity": "large",
    "use_sigreg": false,
    "protocol": "5step",
    "seed": 0,
    "oracle": false,
    "n_steps": 20000,
    "batch_size": 8192,
    "lr": 0.0003,
    "wd": 0.0001,
    "lam_reg": 1.0
  },
  "final_train_loss": 0.04286223649978638,
  "final_val_mse": 0.0010200693272054196,
  "marginal_kl": 410.73675537109375,
  "eff_latent_dim": 3,
  "wall_time_s": 255.38631463050842,
  "ak_metrics": {
    "jacobian": {
      "1": 1.2399925231933593,
      "5": 1.9968589067459106,
      "10": 2.7004320561885833,
      "25": NaN,
      "50": NaN
    },
    "perturbation": {
      "1": 0.4987738700211048,
      "5": 0.4616333802416921,
      "10": 0.6084265018999576,
      "25": 0.630695816874504,
      "50": 0.7117165068071336
    },
    "traj_div": {
      "1": 0.47962655320763586,
      "5": 0.630275287181139,
      "10": 0.7344990938901901,
      "25": 0.5681122381612659,
      "50": 0.7898744836449623
    }
  },
  "gt_ak": {
    "1": 1.05,
    "5": 1.2762815625000001,
    "10": 1.6288946267774416,
    "25": 3.386354940899387,
    "50": 11.467399785753683
  },
  "total_time_s": 264.3488163948059
}