{
  "config": {
    "env_name": "stable_linear",
    "latent_dim": 3,
    "capacity": "large",
    "use_sigreg": false,
    "protocol": "5step",
    "seed": 0,
    "oracle": true,
    "n_steps": 20000,
    "batch_size": 8192,
    "lr": 0.0003,
    "wd": 0.0001,
    "lam_reg": 1.0
  },
  "final_train_loss": 4.7131618430285016e-07,
  "final_val_mse": 2.700759154095067e-08,
  "marginal_kl": null,
  "eff_latent_dim": null,
  "wall_time_s": 189.69924759864807,
  "ak_metrics": {
    "jacobian": {
      "1": 0.8998473197221756,
      "5": 0.5904067546129227,
      "10": 0.34874087870121,
      "25": NaN,
      "50": NaN
    },
    "perturbation": {
      "1": 0.8041741639375687,
      "5": 0.380018218010664,
      "10": 0.19890901032835245,
      "25": 0.03383387452398892,
      "50": 0.0026356935033436456
    },
    "traj_div": {
      "1": 0.7964829939603806,
      "5": 0.4014410126209259,
      "10": 0.1869780022650957,
      "25": 0.03685308473650366,
      "50": 0.0023729360019933664
    }
  },
  "gt_ak": {
    "1": 0.9,
    "5": 0.59049,
    "10": 0.3486784400999998,
    "25": 0.07178979876918516,
    "50": 0.005153775207320101
  },
  "total_time_s": 195.99709177017212
}