{
  "config": {
    "env_name": "lorenz",
    "latent_dim": 3,
    "capacity": "large",
    "use_sigreg": false,
    "protocol": "5step",
    "seed": 4,
    "oracle": true,
    "n_steps": 20000,
    "batch_size": 8192,
    "lr": 0.0003,
    "wd": 0.0001,
    "lam_reg": 1.0
  },
  "final_train_loss": 0.06294776499271393,
  "final_val_mse": 0.0014652355341240764,
  "marginal_kl": null,
  "eff_latent_dim": null,
  "wall_time_s": 192.7449553012848,
  "ak_metrics": {
    "jacobian": {
      "1": 1.0347985357046128,
      "5": 1.196221750974655,
      "10": 1.5241925358772277,
      "25": NaN,
      "50": NaN
    },
    "perturbation": {
      "1": 0.9611585885286331,
      "5": 0.9049500912427902,
      "10": 0.9120249861478805,
      "25": 1.8139472854137422,
      "50": 5.160143667459488
    },
    "traj_div": {
      "1": 0.963571200966835,
      "5": 0.8845859837532043,
      "10": 0.9534724515676498,
      "25": 1.7697379001230003,
      "50": 3.4053662858903406
    }
  },
  "gt_ak": {
    "1": 0.9617653891676228,
    "5": 0.9058524331294783,
    "10": 0.8677002309387756,
    "25": 1.8261797415454353,
    "50": 5.016257899177928
  },
  "total_time_s": 199.01027464866638
}