{
  "config": {
    "env_name": "lorenz",
    "latent_dim": 3,
    "capacity": "large",
    "use_sigreg": false,
    "protocol": "5step",
    "seed": 2,
    "oracle": true,
    "n_steps": 20000,
    "batch_size": 8192,
    "lr": 0.0003,
    "wd": 0.0001,
    "lam_reg": 1.0
  },
  "final_train_loss": 0.010531201027333736,
  "final_val_mse": 0.00020828687556786462,
  "marginal_kl": null,
  "eff_latent_dim": null,
  "wall_time_s": 181.19381046295166,
  "ak_metrics": {
    "jacobian": {
      "1": 1.045682328939438,
      "5": 1.2491194486618042,
      "10": 1.6061153411865234,
      "25": NaN,
      "50": NaN
    },
    "perturbation": {
      "1": 0.9544702279567718,
      "5": 0.8686788189411163,
      "10": 0.9475718639791012,
      "25": 1.778939728885889,
      "50": 3.8218567810207604
    },
    "traj_div": {
      "1": 0.9608472222089768,
      "5": 0.8465324130654335,
      "10": 0.8862679032981395,
      "25": 1.602889142036438,
      "50": 4.750605682730675
    }
  },
  "gt_ak": {
    "1": 0.9617653891676228,
    "5": 0.9058524331294783,
    "10": 0.8677002309387756,
    "25": 1.8261797415454353,
    "50": 5.016257899177928
  },
  "total_time_s": 187.4981210231781
}