{
  "config": {
    "env_name": "lorenz",
    "latent_dim": 3,
    "capacity": "large",
    "use_sigreg": false,
    "protocol": "5step",
    "seed": 3,
    "oracle": true,
    "n_steps": 20000,
    "batch_size": 8192,
    "lr": 0.0003,
    "wd": 0.0001,
    "lam_reg": 1.0
  },
  "final_train_loss": 0.01868145912885666,
  "final_val_mse": 0.0002606721332995221,
  "marginal_kl": null,
  "eff_latent_dim": null,
  "wall_time_s": 193.5279951095581,
  "ak_metrics": {
    "jacobian": {
      "1": 1.033819282054901,
      "5": 1.1882470309734345,
      "10": 1.4790908634662627,
      "25": NaN,
      "50": NaN
    },
    "perturbation": {
      "1": 0.9489448231458664,
      "5": 0.9000875234603882,
      "10": 0.9340654066205025,
      "25": 1.9819077640771865,
      "50": 5.712551490068436
    },
    "traj_div": {
      "1": 0.9598237973451614,
      "5": 0.8709720900654793,
      "10": 0.9167299953103065,
      "25": 1.7514754013717175,
      "50": 2.9471997916698456
    }
  },
  "gt_ak": {
    "1": 0.9617653891676228,
    "5": 0.9058524331294783,
    "10": 0.8677002309387756,
    "25": 1.8261797415454353,
    "50": 5.016257899177928
  },
  "total_time_s": 200.09655380249023
}