{
  "config": {
    "env_name": "lorenz",
    "latent_dim": 3,
    "capacity": "large",
    "use_sigreg": false,
    "protocol": "5step",
    "seed": 0,
    "oracle": true,
    "n_steps": 20000,
    "batch_size": 8192,
    "lr": 0.0003,
    "wd": 0.0001,
    "lam_reg": 1.0
  },
  "final_train_loss": 0.03697758913040161,
  "final_val_mse": 0.0008786242338828743,
  "marginal_kl": null,
  "eff_latent_dim": null,
  "wall_time_s": 188.73393845558167,
  "ak_metrics": {
    "jacobian": {
      "1": 1.0337510585784913,
      "5": 1.1969901025295258,
      "10": 1.4907122135162354,
      "25": NaN,
      "50": NaN
    },
    "perturbation": {
      "1": 0.9647036534547806,
      "5": 0.9000243595242501,
      "10": 0.9232564494013786,
      "25": 1.8663692639768124,
      "50": 5.128072975277901
    },
    "traj_div": {
      "1": 0.9505460238456727,
      "5": 0.8611130058765412,
      "10": 0.9529369407892228,
      "25": 1.8033476872742176,
      "50": 5.719055062383413
    }
  },
  "gt_ak": {
    "1": 0.9617653891676228,
    "5": 0.9058524331294783,
    "10": 0.8677002309387756,
    "25": 1.8261797415454353,
    "50": 5.016257899177928
  },
  "total_time_s": 195.23376512527466
}