{
  "config": {
    "env_name": "stable_linear",
    "latent_dim": 3,
    "capacity": "large",
    "use_sigreg": false,
    "protocol": "5step",
    "seed": 4,
    "oracle": true,
    "n_steps": 20000,
    "batch_size": 8192,
    "lr": 0.0003,
    "wd": 0.0001,
    "lam_reg": 1.0
  },
  "final_train_loss": 6.524950322273071e-07,
  "final_val_mse": 3.6773561618019813e-08,
  "marginal_kl": null,
  "eff_latent_dim": null,
  "wall_time_s": 185.86022305488586,
  "ak_metrics": {
    "jacobian": {
      "1": 0.899972340464592,
      "5": 0.5902252316474914,
      "10": 0.34826957881450654,
      "25": NaN,
      "50": NaN
    },
    "perturbation": {
      "1": 0.805637795329094,
      "5": 0.38130700916051863,
      "10": 0.1955279204621911,
      "25": 0.03277747375890613,
      "50": 0.0027019966867374025
    },
    "traj_div": {
      "1": 0.8040066367387771,
      "5": 0.3850978292524815,
      "10": 0.20428366024047137,
      "25": 0.030986848601605742,
      "50": 0.0025755033129098593
    }
  },
  "gt_ak": {
    "1": 0.9,
    "5": 0.59049,
    "10": 0.3486784400999998,
    "25": 0.07178979876918516,
    "50": 0.005153775207320101
  },
  "total_time_s": 192.11261701583862
}