{
  "config": {
    "env_name": "stable_linear",
    "latent_dim": 3,
    "capacity": "large",
    "use_sigreg": false,
    "protocol": "5step",
    "seed": 1,
    "oracle": true,
    "n_steps": 20000,
    "batch_size": 8192,
    "lr": 0.0003,
    "wd": 0.0001,
    "lam_reg": 1.0
  },
  "final_train_loss": 2.9071070457575843e-06,
  "final_val_mse": 1.4737181714963298e-07,
  "marginal_kl": null,
  "eff_latent_dim": null,
  "wall_time_s": 191.9622187614441,
  "ak_metrics": {
    "jacobian": {
      "1": 0.8999003529548645,
      "5": 0.5907866328954696,
      "10": 0.34921456724405286,
      "25": NaN,
      "50": NaN
    },
    "perturbation": {
      "1": 0.806420767903328,
      "5": 0.3814855247735977,
      "10": 0.19630526579916477,
      "25": 0.03630824334570207,
      "50": 0.002799190111891221
    },
    "traj_div": {
      "1": 0.8055216491222381,
      "5": 0.3855024427175522,
      "10": 0.1926907090097666,
      "25": 0.03768373181344941,
      "50": 0.0028639910953643264
    }
  },
  "gt_ak": {
    "1": 0.9,
    "5": 0.59049,
    "10": 0.3486784400999998,
    "25": 0.07178979876918516,
    "50": 0.005153775207320101
  },
  "total_time_s": 197.9426155090332
}