{
  "config": {
    "env_name": "spiral_2d",
    "latent_dim": 2,
    "capacity": "large",
    "use_sigreg": false,
    "protocol": "5step",
    "seed": 2,
    "oracle": true,
    "n_steps": 20000,
    "batch_size": 8192,
    "lr": 0.0003,
    "wd": 0.0001,
    "lam_reg": 1.0
  },
  "final_train_loss": 0.0035036569461226463,
  "final_val_mse": 0.0005175974452868104,
  "marginal_kl": null,
  "eff_latent_dim": null,
  "wall_time_s": 182.73063802719116,
  "ak_metrics": {
    "jacobian": {
      "1": 1.0509710252285003,
      "5": 1.2788145303726197,
      "10": 1.6315729379653932,
      "25": NaN,
      "50": NaN
    },
    "perturbation": {
      "1": 1.049881567955017,
      "5": 1.2764195311069488,
      "10": 1.6281804358959198,
      "25": 3.3843093132972717,
      "50": 11.433168649673462
    },
    "traj_div": {
      "1": 1.0500230920314788,
      "5": 1.2757142078876496,
      "10": 1.6282221066951752,
      "25": 3.3840566420555116,
      "50": 11.435264911651611
    }
  },
  "gt_ak": {
    "1": 1.05,
    "5": 1.2762815625000001,
    "10": 1.6288946267774416,
    "25": 3.386354940899387,
    "50": 11.467399785753683
  },
  "total_time_s": 188.74993634223938
}