{
  "config": {
    "env_name": "lorenz",
    "latent_dim": 3,
    "capacity": "large",
    "use_sigreg": false,
    "protocol": "5step",
    "seed": 1,
    "oracle": true,
    "n_steps": 20000,
    "batch_size": 8192,
    "lr": 0.0003,
    "wd": 0.0001,
    "lam_reg": 1.0
  },
  "final_train_loss": 0.0030077339615672827,
  "final_val_mse": 9.797349266591482e-05,
  "marginal_kl": null,
  "eff_latent_dim": null,
  "wall_time_s": 190.8778030872345,
  "ak_metrics": {
    "jacobian": {
      "1": 1.0290906310081482,
      "5": 1.1764894902706147,
      "10": 1.4497779488563538,
      "25": NaN,
      "50": NaN
    },
    "perturbation": {
      "1": 0.9534909844398498,
      "5": 0.8942546546459198,
      "10": 0.9874199014902115,
      "25": 1.8151924206316472,
      "50": 5.376653264164925
    },
    "traj_div": {
      "1": 0.9584288418292999,
      "5": 0.8960996127128601,
      "10": 0.9920299988985062,
      "25": 1.698599345088005,
      "50": 4.231556231379509
    }
  },
  "gt_ak": {
    "1": 0.9617653891676228,
    "5": 0.9058524331294783,
    "10": 0.8677002309387756,
    "25": 1.8261797415454353,
    "50": 5.016257899177928
  },
  "total_time_s": 197.56229281425476
}