{
  "config": {
    "env_name": "spiral_2d",
    "latent_dim": 2,
    "capacity": "large",
    "use_sigreg": false,
    "protocol": "5step",
    "seed": 3,
    "oracle": true,
    "n_steps": 20000,
    "batch_size": 8192,
    "lr": 0.0003,
    "wd": 0.0001,
    "lam_reg": 1.0
  },
  "final_train_loss": 1.6334357261657715,
  "final_val_mse": 0.008166288072243334,
  "marginal_kl": null,
  "eff_latent_dim": null,
  "wall_time_s": 186.5304937362671,
  "ak_metrics": {
    "jacobian": {
      "1": 1.0529296040534972,
      "5": 1.2846232414245606,
      "10": 1.6387478590011597,
      "25": NaN,
      "50": NaN
    },
    "perturbation": {
      "1": 1.0503773701190948,
      "5": 1.2770033657550812,
      "10": 1.629933819770813,
      "25": 3.38488655090332,
      "50": 11.368866081237792
    },
    "traj_div": {
      "1": 1.0503698623180389,
      "5": 1.2765734899044037,
      "10": 1.6303734374046326,
      "25": 3.3860973811149595,
      "50": 11.395066928863525
    }
  },
  "gt_ak": {
    "1": 1.05,
    "5": 1.2762815625000001,
    "10": 1.6288946267774416,
    "25": 3.386354940899387,
    "50": 11.467399785753683
  },
  "total_time_s": 192.54808735847473
}