{
  "config": {
    "env_name": "stable_linear",
    "latent_dim": 3,
    "capacity": "large",
    "use_sigreg": false,
    "protocol": "5step",
    "seed": 3,
    "oracle": true,
    "n_steps": 20000,
    "batch_size": 8192,
    "lr": 0.0003,
    "wd": 0.0001,
    "lam_reg": 1.0
  },
  "final_train_loss": 2.181047420890536e-06,
  "final_val_mse": 9.481119249699077e-08,
  "marginal_kl": null,
  "eff_latent_dim": null,
  "wall_time_s": 190.9747452735901,
  "ak_metrics": {
    "jacobian": {
      "1": 0.9004614561796188,
      "5": 0.5911195695400238,
      "10": 0.3493059441447258,
      "25": NaN,
      "50": NaN
    },
    "perturbation": {
      "1": 0.8123958456516266,
      "5": 0.3743101243674755,
      "10": 0.19719685658812522,
      "25": 0.03332322659436613,
      "50": 0.0024331032329428124
    },
    "traj_div": {
      "1": 0.7997100019454956,
      "5": 0.3782987141609192,
      "10": 0.20515240017324687,
      "25": 0.03628245510160923,
      "50": 0.002670943315497425
    }
  },
  "gt_ak": {
    "1": 0.9,
    "5": 0.59049,
    "10": 0.3486784400999998,
    "25": 0.07178979876918516,
    "50": 0.005153775207320101
  },
  "total_time_s": 197.0873260498047
}