{
  "config": {
    "env_name": "stable_linear",
    "latent_dim": 3,
    "capacity": "large",
    "use_sigreg": false,
    "protocol": "5step",
    "seed": 2,
    "oracle": true,
    "n_steps": 20000,
    "batch_size": 8192,
    "lr": 0.0003,
    "wd": 0.0001,
    "lam_reg": 1.0
  },
  "final_train_loss": 6.558587983818143e-07,
  "final_val_mse": 3.437517808180246e-08,
  "marginal_kl": null,
  "eff_latent_dim": null,
  "wall_time_s": 190.3505198955536,
  "ak_metrics": {
    "jacobian": {
      "1": 0.8999858736991883,
      "5": 0.5902918666601181,
      "10": 0.3484750047326088,
      "25": NaN,
      "50": NaN
    },
    "perturbation": {
      "1": 0.8054890531301498,
      "5": 0.3746873193979263,
      "10": 0.19699144430458546,
      "25": 0.03781224319478497,
      "50": 0.0025857355786138214
    },
    "traj_div": {
      "1": 0.7957552015781403,
      "5": 0.40038973331451416,
      "10": 0.19809808295220135,
      "25": 0.033154118177481,
      "50": 0.002532084311460494
    }
  },
  "gt_ak": {
    "1": 0.9,
    "5": 0.59049,
    "10": 0.3486784400999998,
    "25": 0.07178979876918516,
    "50": 0.005153775207320101
  },
  "total_time_s": 196.3939471244812
}