{
  "config": {
    "env_name": "spiral_2d",
    "latent_dim": 2,
    "capacity": "large",
    "use_sigreg": false,
    "protocol": "5step",
    "seed": 0,
    "oracle": true,
    "n_steps": 20000,
    "batch_size": 8192,
    "lr": 0.0003,
    "wd": 0.0001,
    "lam_reg": 1.0
  },
  "final_train_loss": 0.0038297222927212715,
  "final_val_mse": 0.0005599200027063489,
  "marginal_kl": null,
  "eff_latent_dim": null,
  "wall_time_s": 190.6781666278839,
  "ak_metrics": {
    "jacobian": {
      "1": 1.0516984105110168,
      "5": 1.2798861682415008,
      "10": 1.6369062840938569,
      "25": NaN,
      "50": NaN
    },
    "perturbation": {
      "1": 1.0501057624816894,
      "5": 1.2747683346271514,
      "10": 1.626932941675186,
      "25": 3.391068754196167,
      "50": 11.496957960128784
    },
    "traj_div": {
      "1": 1.0496700894832611,
      "5": 1.2775741171836854,
      "10": 1.6310561323165893,
      "25": 3.3950138306617736,
      "50": 11.53407777786255
    }
  },
  "gt_ak": {
    "1": 1.05,
    "5": 1.2762815625000001,
    "10": 1.6288946267774416,
    "25": 3.386354940899387,
    "50": 11.467399785753683
  },
  "total_time_s": 196.9108076095581
}