{
  "config": {
    "env_name": "spiral_2d",
    "latent_dim": 2,
    "capacity": "large",
    "use_sigreg": false,
    "protocol": "5step",
    "seed": 4,
    "oracle": true,
    "n_steps": 20000,
    "batch_size": 8192,
    "lr": 0.0003,
    "wd": 0.0001,
    "lam_reg": 1.0
  },
  "final_train_loss": 0.0029063320253044367,
  "final_val_mse": 0.0004849486140301451,
  "marginal_kl": null,
  "eff_latent_dim": null,
  "wall_time_s": 190.22282767295837,
  "ak_metrics": {
    "jacobian": {
      "1": 1.051467615365982,
      "5": 1.2838643789291382,
      "10": 1.6384075284004211,
      "25": NaN,
      "50": NaN
    },
    "perturbation": {
      "1": 1.050113537311554,
      "5": 1.2753704965114594,
      "10": 1.6287294340133667,
      "25": 3.388117377758026,
      "50": 11.468421335220336
    },
    "traj_div": {
      "1": 1.0499262535572051,
      "5": 1.2761091089248657,
      "10": 1.6283885395526887,
      "25": 3.3840164971351623,
      "50": 11.422188701629638
    }
  },
  "gt_ak": {
    "1": 1.05,
    "5": 1.2762815625000001,
    "10": 1.6288946267774416,
    "25": 3.386354940899387,
    "50": 11.467399785753683
  },
  "total_time_s": 196.06149005889893
}