{
  "config": {
    "env_name": "spiral_2d",
    "latent_dim": 2,
    "capacity": "large",
    "use_sigreg": false,
    "protocol": "5step",
    "seed": 1,
    "oracle": true,
    "n_steps": 20000,
    "batch_size": 8192,
    "lr": 0.0003,
    "wd": 0.0001,
    "lam_reg": 1.0
  },
  "final_train_loss": 1.640578269958496,
  "final_val_mse": 0.049214527010917664,
  "marginal_kl": null,
  "eff_latent_dim": null,
  "wall_time_s": 193.8143286705017,
  "ak_metrics": {
    "jacobian": {
      "1": 1.0533690214157105,
      "5": 1.2921387195587157,
      "10": 1.65452880859375,
      "25": NaN,
      "50": NaN
    },
    "perturbation": {
      "1": 1.0504009592533112,
      "5": 1.2768816244602204,
      "10": 1.6254617583751678,
      "25": 3.381554582118988,
      "50": 11.454389419555664
    },
    "traj_div": {
      "1": 1.0502006912231445,
      "5": 1.2764583230018616,
      "10": 1.6294409453868866,
      "25": 3.3821882081031798,
      "50": 11.485108213424683
    }
  },
  "gt_ak": {
    "1": 1.05,
    "5": 1.2762815625000001,
    "10": 1.6288946267774416,
    "25": 3.386354940899387,
    "50": 11.467399785753683
  },
  "total_time_s": 199.66095089912415
}