{
  "collapsed": 0.0,
  "cov_trace": 0.033935978757366064,
  "effective_dim": 3.717721788875434,
  "env": "stable-linear",
  "excess_amp_1": 0.06733389478002771,
  "excess_amp_5": 0.00017745439615811918,
  "final_loss": 0.02007698081433773,
  "final_pred_loss": 0.0037595133762806654,
  "final_reg_loss": 0.16317467391490936,
  "gt_state_amp_1": 0.7916284203529358,
  "gt_state_amp_5": 0.3635333180427551,
  "lambda_reg": 0.1,
  "latent_dim": 16,
  "linear_probe_r2": 0.9893231954727355,
  "open_loop_mse_1": 0.0049073584377765656,
  "open_loop_mse_5": 0.0031902440823614597,
  "perturb_amp_1": 0.05239366739988327,
  "perturb_amp_5": 1.5160636394284666e-05,
  "probe_state_amp_1": 0.05400871577557536,
  "probe_state_amp_5": 5.850056684923442e-05,
  "protocol": "bptt",
  "rank_1pct": 7.0,
  "regularizer": "sigreg",
  "seed": 0,
  "sigreg_projections": 8,
  "steps": 5
}
