{
  "abs_log_excess_amp_25": 1.1776750938698795,
  "collapsed": 1.0,
  "cov_trace": 1.991044028323555e-06,
  "effective_dim": 1.7647072119563687,
  "env": "ou",
  "excess_amp_1": 0.4120759524211987,
  "excess_amp_10": 0.07460176942322684,
  "excess_amp_25": 0.30799396391786177,
  "excess_amp_5": 0.0850004839120301,
  "excess_amp_50": 4.168726651619603,
  "excess_amp_median_ratio_1": 0.39168497115961876,
  "excess_amp_median_ratio_10": 0.0720881815498628,
  "excess_amp_median_ratio_25": 0.30764701714434906,
  "excess_amp_median_ratio_5": 0.08138768614286386,
  "excess_amp_median_ratio_50": 4.0928873854598695,
  "final_loss": 0.16313683986663818,
  "final_pred_loss": 1.1457464665909356e-07,
  "final_reg_loss": 0.16313672065734863,
  "gt_state_amp_1": 0.799614667892456,
  "gt_state_amp_10": 0.18677686154842377,
  "gt_state_amp_25": 0.034346841275691986,
  "gt_state_amp_5": 0.37957894802093506,
  "gt_state_amp_50": 0.0024489150382578373,
  "integrated_probe_open_loop_error": 88.4633425477908,
  "lambda_reg": 1.0,
  "latent_dim": 16,
  "linear_probe_r2": 0.7130488569489919,
  "load_encoder_from": "runs/ou__sigreg__bptt__seed0/model.pt",
  "open_loop_mse_1": 9.899108732724926e-08,
  "open_loop_mse_10": 1.594335685695114e-07,
  "open_loop_mse_25": 1.787855410384509e-07,
  "open_loop_mse_5": 1.6614987430330075e-07,
  "open_loop_mse_50": 2.1091612723012076e-07,
  "perturb_amp_1": 0.13234448432922363,
  "perturb_amp_10": 0.0004479182534851134,
  "perturb_amp_25": 1.1601607184275053e-05,
  "perturb_amp_5": 0.009666402824223042,
  "perturb_amp_50": 1.193306889035739e-05,
  "probe_open_loop_error_1": 1.4665814710756262,
  "probe_open_loop_error_10": 1.8130793712003381,
  "probe_open_loop_error_25": 1.8262663138089406,
  "probe_open_loop_error_5": 1.781833145259902,
  "probe_open_loop_error_50": 1.7698015782599992,
  "probe_state_amp_1": 0.32950197584174434,
  "probe_state_amp_10": 0.013933884358829474,
  "probe_state_amp_25": 0.010578619792558003,
  "probe_state_amp_5": 0.0322643942645988,
  "probe_state_amp_50": 0.010208857387537486,
  "protocol": "1step",
  "rank_1pct": 13.0,
  "reg_target": "encoded",
  "regularizer": "sigreg",
  "seed": 0,
  "sigreg_projections": 256,
  "steps": 10000
}
