{
  "abs_log_excess_amp_25": 0.7718501815059507,
  "collapsed": 1.0,
  "cov_trace": 2.435008446525437e-06,
  "effective_dim": 1.6309380293799365,
  "env": "ou",
  "excess_amp_1": 0.5195864705405628,
  "excess_amp_10": 0.45063617590771243,
  "excess_amp_25": 0.4621572020932972,
  "excess_amp_5": 0.5266582117622904,
  "excess_amp_50": 6.298331407225451,
  "excess_amp_median_ratio_1": 0.46455170684105407,
  "excess_amp_median_ratio_10": 0.41605572952150605,
  "excess_amp_median_ratio_25": 0.44582724157079756,
  "excess_amp_median_ratio_5": 0.48666010005200316,
  "excess_amp_median_ratio_50": 6.212778378137264,
  "final_loss": 0.16313676536083221,
  "final_pred_loss": 7.570967852643662e-08,
  "final_reg_loss": 0.16313669085502625,
  "gt_state_amp_1": 0.7964906096458435,
  "gt_state_amp_10": 0.18408982455730438,
  "gt_state_amp_25": 0.034260042011737823,
  "gt_state_amp_5": 0.3738212585449219,
  "gt_state_amp_50": 0.0024479017592966557,
  "integrated_probe_open_loop_error": 82.59259550394705,
  "lambda_reg": 1.0,
  "latent_dim": 16,
  "linear_probe_r2": 0.7116725104422919,
  "load_encoder_from": "runs/ou__sigreg__bptt__seed2/model.pt",
  "open_loop_mse_1": 7.457678918854072e-08,
  "open_loop_mse_10": 1.6316066364652215e-07,
  "open_loop_mse_25": 1.6063501107055345e-07,
  "open_loop_mse_5": 1.2083127387541026e-07,
  "open_loop_mse_50": 1.9351412561263714e-07,
  "perturb_amp_1": 0.1815962791442871,
  "perturb_amp_10": 0.032504525035619736,
  "perturb_amp_25": 0.0021175015717744827,
  "perturb_amp_5": 0.08079592883586884,
  "perturb_amp_50": 2.8828510039602406e-05,
  "probe_open_loop_error_1": 1.3591019632884684,
  "probe_open_loop_error_10": 1.7035961485598703,
  "probe_open_loop_error_25": 1.6933023519449608,
  "probe_open_loop_error_5": 1.6249064117749823,
  "probe_open_loop_error_50": 1.6784602574592442,
  "probe_state_amp_1": 0.413845744684585,
  "probe_state_amp_10": 0.08295753456202534,
  "probe_state_amp_25": 0.01583352515974357,
  "probe_state_amp_5": 0.1968760355439974,
  "probe_state_amp_50": 0.015417696532380561,
  "protocol": "1step",
  "rank_1pct": 11.0,
  "reg_target": "encoded",
  "regularizer": "sigreg",
  "seed": 2,
  "sigreg_projections": 256,
  "steps": 10000
}
