{
  "abs_log_excess_amp_25": 0.6913250125961041,
  "collapsed": 1.0,
  "cov_trace": 2.8162662647306975,
  "effective_dim": 1.0001819376482552,
  "env": "ou",
  "excess_amp_1": 1.2033279784345814,
  "excess_amp_10": 2.112757686926458,
  "excess_amp_25": 1.996358982352612,
  "excess_amp_5": 1.698466235889239,
  "excess_amp_50": 1.6720617224849363,
  "excess_amp_median_ratio_1": 1.0720792972790316,
  "excess_amp_median_ratio_10": 2.1427898520933315,
  "excess_amp_median_ratio_25": 1.9520259333774304,
  "excess_amp_median_ratio_5": 1.6649307089166987,
  "excess_amp_median_ratio_50": 1.6780176704709064,
  "final_loss": 0.2043876349925995,
  "final_pred_loss": 0.10142366588115692,
  "final_reg_loss": 0.10296396166086197,
  "gt_state_amp_1": 0.8015286326408386,
  "gt_state_amp_10": 0.18774792551994324,
  "gt_state_amp_25": 0.03449511528015137,
  "gt_state_amp_5": 0.3819305896759033,
  "gt_state_amp_50": 0.00246138172224164,
  "integrated_probe_open_loop_error": 92.0556673690556,
  "lambda_reg": 1.0,
  "latent_dim": 16,
  "linear_probe_r2": 0.7515465808281288,
  "load_encoder_from": "runs/ou__sigreg__1step__seed1/model.pt",
  "open_loop_mse_1": 0.03733937442302704,
  "open_loop_mse_10": 0.16394415497779846,
  "open_loop_mse_25": 0.1724245846271515,
  "open_loop_mse_5": 0.12300612777471542,
  "open_loop_mse_50": 0.1895464062690735,
  "perturb_amp_1": 0.21270877122879028,
  "perturb_amp_10": 0.07861308753490448,
  "perturb_amp_25": 0.013044590130448341,
  "perturb_amp_5": 0.13548433780670166,
  "perturb_amp_50": 0.0006165427039377391,
  "probe_open_loop_error_1": 2.0647739833794128,
  "probe_open_loop_error_10": 1.8656873945984187,
  "probe_open_loop_error_25": 1.7998640467049036,
  "probe_open_loop_error_5": 2.0273443412255734,
  "probe_open_loop_error_50": 1.8493222396007778,
  "probe_state_amp_1": 0.9645018291731347,
  "probe_state_amp_10": 0.39666587284675625,
  "probe_state_amp_25": 0.06886463323681902,
  "probe_state_amp_5": 0.648696211017789,
  "probe_state_amp_50": 0.004115582162184296,
  "protocol": "bptt",
  "rank_1pct": 1.0,
  "reg_target": "encoded",
  "regularizer": "sigreg",
  "seed": 1,
  "sigreg_projections": 256,
  "steps": 10000
}
