{
  "abs_log_excess_amp_25": 0.6906477721059642,
  "collapsed": 1.0,
  "cov_trace": 2.640958705853965e-06,
  "effective_dim": 1.8037603987220299,
  "env": "ou",
  "excess_amp_1": 0.5028145113829691,
  "excess_amp_10": 0.4134370226453394,
  "excess_amp_25": 0.5012512672896182,
  "excess_amp_5": 0.49456036096444195,
  "excess_amp_50": 6.869128104841827,
  "excess_amp_median_ratio_1": 0.45308550018497307,
  "excess_amp_median_ratio_10": 0.39618348965217176,
  "excess_amp_median_ratio_25": 0.47410270924070186,
  "excess_amp_median_ratio_5": 0.46352209680792233,
  "excess_amp_median_ratio_50": 6.577051145653671,
  "final_loss": 0.16313676536083221,
  "final_pred_loss": 8.063422285431443e-08,
  "final_reg_loss": 0.16313669085502625,
  "gt_state_amp_1": 0.8015235662460327,
  "gt_state_amp_10": 0.18774425983428955,
  "gt_state_amp_25": 0.034494608640670776,
  "gt_state_amp_5": 0.3819274604320526,
  "gt_state_amp_50": 0.0024613067507743835,
  "integrated_probe_open_loop_error": 132.08501221239362,
  "lambda_reg": 1.0,
  "latent_dim": 16,
  "linear_probe_r2": 0.7419069841035264,
  "load_encoder_from": "runs/ou__sigreg__bptt__seed1/model.pt",
  "open_loop_mse_1": 1.0434243336021609e-07,
  "open_loop_mse_10": 7.680324642933556e-07,
  "open_loop_mse_25": 7.471459184671403e-07,
  "open_loop_mse_5": 3.889812489887845e-07,
  "open_loop_mse_50": 8.011229510884732e-07,
  "perturb_amp_1": 0.18153730034828186,
  "perturb_amp_10": 0.031622737646102905,
  "perturb_amp_25": 0.0019443188793957233,
  "perturb_amp_5": 0.0802503377199173,
  "perturb_amp_50": 2.6989582693204284e-05,
  "probe_open_loop_error_1": 1.3181651319240544,
  "probe_open_loop_error_10": 2.5699061955357636,
  "probe_open_loop_error_25": 2.828526717117955,
  "probe_open_loop_error_5": 2.100150187342005,
  "probe_open_loop_error_50": 2.9655461793462194,
  "probe_state_amp_1": 0.4030176803239338,
  "probe_state_amp_10": 0.07762042780464165,
  "probe_state_amp_25": 0.017290466295795642,
  "probe_state_amp_5": 0.18888618269350857,
  "probe_state_amp_50": 0.016907031376381235,
  "protocol": "1step",
  "rank_1pct": 12.0,
  "reg_target": "encoded",
  "regularizer": "sigreg",
  "seed": 1,
  "sigreg_projections": 256,
  "steps": 10000
}
