{
  "abs_log_excess_amp_25": 0.41451051613988193,
  "collapsed": 1.0,
  "cov_trace": 2.8162662647306975,
  "effective_dim": 1.0001819376482552,
  "env": "ou",
  "excess_amp_1": 0.8173653341817184,
  "excess_amp_10": 0.9865342723231344,
  "excess_amp_25": 0.6606635857344155,
  "excess_amp_5": 1.001736426946859,
  "excess_amp_50": 0.9243776758142194,
  "excess_amp_median_ratio_1": 0.8051059403331884,
  "excess_amp_median_ratio_10": 0.9273569673499711,
  "excess_amp_median_ratio_25": 0.6429773076003399,
  "excess_amp_median_ratio_5": 0.9575807864340173,
  "excess_amp_median_ratio_50": 0.8956429345083172,
  "final_loss": 0.13108372688293457,
  "final_pred_loss": 0.028074733912944794,
  "final_reg_loss": 0.10300898551940918,
  "gt_state_amp_1": 0.8015235662460327,
  "gt_state_amp_10": 0.18774425983428955,
  "gt_state_amp_25": 0.034494608640670776,
  "gt_state_amp_5": 0.3819274604320526,
  "gt_state_amp_50": 0.0024613067507743835,
  "integrated_probe_open_loop_error": 79.92793984453368,
  "lambda_reg": 1.0,
  "latent_dim": 16,
  "linear_probe_r2": 0.7515465808281288,
  "load_encoder_from": "runs/ou__sigreg__1step__seed1/model.pt",
  "open_loop_mse_1": 0.035937026143074036,
  "open_loop_mse_10": 0.15254804491996765,
  "open_loop_mse_25": 0.17783793807029724,
  "open_loop_mse_5": 0.11248723417520523,
  "open_loop_mse_50": 0.18818333745002747,
  "perturb_amp_1": 0.22231972217559814,
  "perturb_amp_10": 0.07553024590015411,
  "perturb_amp_25": 0.010579299181699753,
  "perturb_amp_5": 0.13442330062389374,
  "perturb_amp_50": 0.00036105720209889114,
  "probe_open_loop_error_1": 1.4586081719767627,
  "probe_open_loop_error_10": 1.6092869659752713,
  "probe_open_loop_error_25": 1.6170422113381355,
  "probe_open_loop_error_5": 1.5952627494770872,
  "probe_open_loop_error_50": 1.6535218524343565,
  "probe_state_amp_1": 0.6551375775792112,
  "probe_state_amp_10": 0.18521614675846632,
  "probe_state_amp_25": 0.02278933183305091,
  "probe_state_amp_5": 0.38259064956609223,
  "probe_state_amp_50": 0.002275177013746673,
  "protocol": "1step",
  "rank_1pct": 1.0,
  "reg_target": "encoded",
  "regularizer": "sigreg",
  "seed": 1,
  "sigreg_projections": 256,
  "steps": 10000
}
