{
  "abs_log_excess_amp_25": 0.7826047495745239,
  "collapsed": 1.0,
  "cov_trace": 1.991044028323555e-06,
  "effective_dim": 1.7647072119563687,
  "env": "ou",
  "excess_amp_1": 0.059065846160918756,
  "excess_amp_10": 0.08503073897489975,
  "excess_amp_25": 0.4572135321712952,
  "excess_amp_5": 0.038922581697899736,
  "excess_amp_50": 6.609064860735153,
  "excess_amp_median_ratio_1": 0.04914278445734821,
  "excess_amp_median_ratio_10": 0.08804649244706027,
  "excess_amp_median_ratio_25": 0.46786121264132174,
  "excess_amp_median_ratio_5": 0.03765815596942638,
  "excess_amp_median_ratio_50": 6.628690606176643,
  "final_loss": 0.16313685476779938,
  "final_pred_loss": 1.3757140493453335e-07,
  "final_reg_loss": 0.16313672065734863,
  "gt_state_amp_1": 0.799612283706665,
  "gt_state_amp_10": 0.18677085638046265,
  "gt_state_amp_25": 0.03434545174241066,
  "gt_state_amp_5": 0.37957334518432617,
  "gt_state_amp_50": 0.002448935993015766,
  "integrated_probe_open_loop_error": 80.52491817308666,
  "lambda_reg": 1.0,
  "latent_dim": 16,
  "linear_probe_r2": 0.7130488569489919,
  "load_encoder_from": "runs/ou__sigreg__bptt__seed0/model.pt",
  "open_loop_mse_1": 1.3540778809328913e-07,
  "open_loop_mse_10": 1.4478445109489257e-07,
  "open_loop_mse_25": 1.2315507547100424e-07,
  "open_loop_mse_5": 1.171336094785147e-07,
  "open_loop_mse_50": 1.3065871939943463e-07,
  "perturb_amp_1": 0.05322609096765518,
  "perturb_amp_10": 1.6779145880718715e-05,
  "perturb_amp_25": 1.71214051079005e-05,
  "perturb_amp_5": 1.7215963453054428e-05,
  "perturb_amp_50": 1.659894951444585e-05,
  "probe_open_loop_error_1": 1.6339951182103227,
  "probe_open_loop_error_10": 1.590682304065368,
  "probe_open_loop_error_25": 1.6386542658458316,
  "probe_open_loop_error_5": 1.5754658368248504,
  "probe_open_loop_error_50": 1.6536340603422968,
  "probe_state_amp_1": 0.0472297761377988,
  "probe_state_amp_10": 0.015881263937005608,
  "probe_state_amp_25": 0.01570320530516634,
  "probe_state_amp_5": 0.014773974538282032,
  "probe_state_amp_50": 0.01618517681763005,
  "protocol": "bptt",
  "rank_1pct": 13.0,
  "reg_target": "encoded",
  "regularizer": "sigreg",
  "seed": 0,
  "sigreg_projections": 256,
  "steps": 10000
}
