{
  "abs_log_excess_amp_25": 0.5406215125552404,
  "collapsed": 1.0,
  "cov_trace": 2.8540028770240307,
  "effective_dim": 1.000158612347399,
  "env": "ou",
  "excess_amp_1": 0.8431509437808116,
  "excess_amp_10": 1.0554650437956403,
  "excess_amp_25": 0.582386179546654,
  "excess_amp_5": 1.0847637696423793,
  "excess_amp_50": 0.7236770369980501,
  "excess_amp_median_ratio_1": 0.7889218710988042,
  "excess_amp_median_ratio_10": 0.8824533936812244,
  "excess_amp_median_ratio_25": 0.5038311296425864,
  "excess_amp_median_ratio_5": 0.9432162678229652,
  "excess_amp_median_ratio_50": 0.6974842318363553,
  "final_loss": 0.14514896273612976,
  "final_pred_loss": 0.03571196645498276,
  "final_reg_loss": 0.1094370037317276,
  "gt_state_amp_1": 0.7964906096458435,
  "gt_state_amp_10": 0.18408982455730438,
  "gt_state_amp_25": 0.034260042011737823,
  "gt_state_amp_5": 0.3738212585449219,
  "gt_state_amp_50": 0.0024479017592966557,
  "integrated_probe_open_loop_error": 82.79911287270399,
  "lambda_reg": 1.0,
  "latent_dim": 16,
  "linear_probe_r2": 0.6652333704829749,
  "load_encoder_from": "runs/ou__sigreg__1step__seed2/model.pt",
  "open_loop_mse_1": 0.03574449568986893,
  "open_loop_mse_10": 0.17882075905799866,
  "open_loop_mse_25": 0.16044379770755768,
  "open_loop_mse_5": 0.10551679134368896,
  "open_loop_mse_50": 0.15823230147361755,
  "perturb_amp_1": 0.2154405564069748,
  "perturb_amp_10": 0.06691643595695496,
  "perturb_amp_25": 0.007449290249496698,
  "perturb_amp_5": 0.1271405816078186,
  "perturb_amp_50": 0.00016998191131278872,
  "probe_open_loop_error_1": 1.679889080300717,
  "probe_open_loop_error_10": 1.686225306604527,
  "probe_open_loop_error_25": 1.6661856659975895,
  "probe_open_loop_error_5": 1.7181090917058368,
  "probe_open_loop_error_50": 1.65455462986231,
  "probe_state_amp_1": 0.671561809235447,
  "probe_state_amp_10": 0.194300374738707,
  "probe_state_amp_25": 0.019952574978323853,
  "probe_state_amp_5": 0.4055077575916479,
  "probe_state_amp_50": 0.0017714902920301177,
  "protocol": "1step",
  "rank_1pct": 1.0,
  "reg_target": "encoded",
  "regularizer": "sigreg",
  "seed": 2,
  "sigreg_projections": 256,
  "steps": 10000
}
