{
  "abs_log_excess_amp_25": 1.0741861941584878,
  "collapsed": 1.0,
  "cov_trace": 2.4774283792496044,
  "effective_dim": 1.0001702803420267,
  "env": "ou",
  "excess_amp_1": 0.8917531957918396,
  "excess_amp_10": 0.810422463761217,
  "excess_amp_25": 0.3415756184559467,
  "excess_amp_5": 0.9693263565217688,
  "excess_amp_50": 0.7976588317904748,
  "excess_amp_median_ratio_1": 0.8876950298474724,
  "excess_amp_median_ratio_10": 0.781451303068986,
  "excess_amp_median_ratio_25": 0.3285777718142757,
  "excess_amp_median_ratio_5": 0.9949595532202629,
  "excess_amp_median_ratio_50": 0.8233756485471035,
  "final_loss": 0.1381337195634842,
  "final_pred_loss": 0.031764015555381775,
  "final_reg_loss": 0.10636970400810242,
  "gt_state_amp_1": 0.799614667892456,
  "gt_state_amp_10": 0.18677686154842377,
  "gt_state_amp_25": 0.034346841275691986,
  "gt_state_amp_5": 0.37957894802093506,
  "gt_state_amp_50": 0.0024489150382578373,
  "integrated_probe_open_loop_error": 79.87264081355698,
  "lambda_reg": 1.0,
  "latent_dim": 16,
  "linear_probe_r2": 0.7853678379732448,
  "load_encoder_from": "runs/ou__sigreg__1step__seed0/model.pt",
  "open_loop_mse_1": 0.030070211738348007,
  "open_loop_mse_10": 0.1280156522989273,
  "open_loop_mse_25": 0.18310105800628662,
  "open_loop_mse_5": 0.10626598447561264,
  "open_loop_mse_50": 0.1638469099998474,
  "perturb_amp_1": 0.21173271536827087,
  "perturb_amp_10": 0.05070637911558151,
  "perturb_amp_25": 0.003928884863853455,
  "perturb_amp_5": 0.11278863996267319,
  "perturb_amp_50": 5.5658329074503854e-05,
  "probe_open_loop_error_1": 1.6566847044939752,
  "probe_open_loop_error_10": 1.6053727936600835,
  "probe_open_loop_error_25": 1.6218439264862095,
  "probe_open_loop_error_5": 1.6228159774326798,
  "probe_open_loop_error_50": 1.5950120550039966,
  "probe_state_amp_1": 0.7130589354951282,
  "probe_state_amp_10": 0.1513681643096613,
  "probe_state_amp_25": 0.011732043550752727,
  "probe_state_amp_5": 0.36793587869749883,
  "probe_state_amp_50": 0.0019533987085708724,
  "protocol": "1step",
  "rank_1pct": 1.0,
  "reg_target": "encoded",
  "regularizer": "sigreg",
  "seed": 0,
  "sigreg_projections": 256,
  "steps": 10000
}
