{
  "abs_log_excess_amp_25": 0.9096018604936061,
  "collapsed": 1.0,
  "cov_trace": 2.640958705853965e-06,
  "effective_dim": 1.8037603987220299,
  "env": "ou",
  "excess_amp_1": 0.06647583694425277,
  "excess_amp_10": 0.08042269406933543,
  "excess_amp_25": 0.40268451673681577,
  "excess_amp_5": 0.04005324419959025,
  "excess_amp_50": 6.680561762362048,
  "excess_amp_median_ratio_1": 0.05293077322977038,
  "excess_amp_median_ratio_10": 0.07976835120453998,
  "excess_amp_median_ratio_25": 0.39577088768134144,
  "excess_amp_median_ratio_5": 0.03809463606066182,
  "excess_amp_median_ratio_50": 6.791508081501947,
  "final_loss": 0.16313688457012177,
  "final_pred_loss": 1.961305997610907e-07,
  "final_reg_loss": 0.16313669085502625,
  "gt_state_amp_1": 0.8015286326408386,
  "gt_state_amp_10": 0.18774792551994324,
  "gt_state_amp_25": 0.03449511528015137,
  "gt_state_amp_5": 0.3819305896759033,
  "gt_state_amp_50": 0.00246138172224164,
  "integrated_probe_open_loop_error": 82.46353330123893,
  "lambda_reg": 1.0,
  "latent_dim": 16,
  "linear_probe_r2": 0.7419069841035264,
  "load_encoder_from": "runs/ou__sigreg__bptt__seed1/model.pt",
  "open_loop_mse_1": 1.9442688881099457e-07,
  "open_loop_mse_10": 1.9449537091986713e-07,
  "open_loop_mse_25": 1.7294391341238224e-07,
  "open_loop_mse_5": 1.5711027856468718e-07,
  "open_loop_mse_50": 1.812618393159937e-07,
  "perturb_amp_1": 0.050414569675922394,
  "perturb_amp_10": 1.5638774129911326e-05,
  "perturb_amp_25": 1.4768307664780878e-05,
  "perturb_amp_5": 1.6479621990583837e-05,
  "perturb_amp_50": 1.4551706954080146e-05,
  "probe_open_loop_error_1": 1.6371234534080121,
  "probe_open_loop_error_10": 1.6547688253414599,
  "probe_open_loop_error_25": 1.6358818589303434,
  "probe_open_loop_error_5": 1.731928436534066,
  "probe_open_loop_error_50": 1.704937701703531,
  "probe_state_amp_1": 0.053282286689582264,
  "probe_state_amp_10": 0.01509919397624277,
  "probe_state_amp_25": 0.013890648826368503,
  "probe_state_amp_5": 0.015297559175582457,
  "probe_state_amp_50": 0.016443412616184344,
  "protocol": "bptt",
  "rank_1pct": 12.0,
  "reg_target": "encoded",
  "regularizer": "sigreg",
  "seed": 1,
  "sigreg_projections": 256,
  "steps": 10000
}
