{
  "abs_log_excess_amp_25": 0.5413184539134849,
  "collapsed": 1.0,
  "cov_trace": 2.4774283792496044,
  "effective_dim": 1.0001702803420267,
  "env": "ou",
  "excess_amp_1": 0.9292303333791353,
  "excess_amp_10": 0.8511630889142826,
  "excess_amp_25": 0.5819804319392258,
  "excess_amp_5": 0.9516131685654974,
  "excess_amp_50": 0.9887941815140421,
  "excess_amp_median_ratio_1": 0.7840211314508052,
  "excess_amp_median_ratio_10": 0.8317677660982331,
  "excess_amp_median_ratio_25": 0.5738820106247196,
  "excess_amp_median_ratio_5": 0.8892364442374925,
  "excess_amp_median_ratio_50": 1.043658900803167,
  "final_loss": 0.19704018533229828,
  "final_pred_loss": 0.08895105123519897,
  "final_reg_loss": 0.1080891340970993,
  "gt_state_amp_1": 0.799612283706665,
  "gt_state_amp_10": 0.18677085638046265,
  "gt_state_amp_25": 0.03434545174241066,
  "gt_state_amp_5": 0.37957334518432617,
  "gt_state_amp_50": 0.002448935993015766,
  "integrated_probe_open_loop_error": 79.58696414020929,
  "lambda_reg": 1.0,
  "latent_dim": 16,
  "linear_probe_r2": 0.7853678379732448,
  "load_encoder_from": "runs/ou__sigreg__1step__seed0/model.pt",
  "open_loop_mse_1": 0.03557349368929863,
  "open_loop_mse_10": 0.1325218677520752,
  "open_loop_mse_25": 0.14670614898204803,
  "open_loop_mse_5": 0.10655701905488968,
  "open_loop_mse_50": 0.15828925371170044,
  "perturb_amp_1": 0.19796222448349,
  "perturb_amp_10": 0.062210239470005035,
  "perturb_amp_25": 0.00853000208735466,
  "perturb_amp_5": 0.11655120551586151,
  "perturb_amp_50": 0.00029941232060082257,
  "probe_open_loop_error_1": 1.6514598077941494,
  "probe_open_loop_error_10": 1.54479800263256,
  "probe_open_loop_error_25": 1.6299823606463577,
  "probe_open_loop_error_5": 1.5197693539680048,
  "probe_open_loop_error_50": 1.6457380230892107,
  "probe_state_amp_1": 0.7430239889627961,
  "probe_state_amp_10": 0.15897245903596044,
  "probe_state_amp_25": 0.01998838084019599,
  "probe_state_amp_5": 0.3612069937138619,
  "probe_state_amp_50": 0.0024214936607943023,
  "protocol": "bptt",
  "rank_1pct": 1.0,
  "reg_target": "encoded",
  "regularizer": "sigreg",
  "seed": 0,
  "sigreg_projections": 256,
  "steps": 10000
}
