{
  "collapsed": 1.0,
  "cov_trace": 4.424080017581861e-09,
  "effective_dim": 1.9572362776738535e-05,
  "env": "pointmass",
  "excess_amp_1": 0.3046764285429651,
  "excess_amp_5": 0.18488044966821224,
  "final_loss": 0.8024726510047913,
  "final_pred_loss": 0.001431404147297144,
  "final_reg_loss": 8.010412216186523,
  "gt_state_amp_1": 0.9906962513923645,
  "gt_state_amp_5": 0.9768641591072083,
  "lambda_reg": 0.1,
  "latent_dim": 8,
  "linear_probe_r2": -0.7697125353217722,
  "open_loop_mse_1": 0.0005712295533157885,
  "open_loop_mse_5": 0.0006151992129161954,
  "perturb_amp_1": 0.05190528184175491,
  "perturb_amp_5": 9.426479664398357e-06,
  "probe_state_amp_1": 0.2994247742011977,
  "probe_state_amp_5": 0.18051217854683121,
  "protocol": "hstep-tf",
  "rank_1pct": 0.0,
  "regularizer": "moment",
  "seed": 0,
  "sigreg_projections": 4,
  "steps": 3
}
