{
  "abs_log_excess_amp_25": 1.2999217812901267,
  "collapsed": 1.0,
  "cov_trace": 2.435008446525437e-06,
  "effective_dim": 1.6309380293799365,
  "env": "ou",
  "excess_amp_1": 0.0733103000542574,
  "excess_amp_10": 0.05625708255278111,
  "excess_amp_25": 0.27255311095298235,
  "excess_amp_5": 0.02935231002128368,
  "excess_amp_50": 3.9584982226313588,
  "excess_amp_median_ratio_1": 0.058507783293241515,
  "excess_amp_median_ratio_10": 0.05576156483520392,
  "excess_amp_median_ratio_25": 0.26987315762878605,
  "excess_amp_median_ratio_5": 0.028261894030081103,
  "excess_amp_median_ratio_50": 3.9267870477327294,
  "final_loss": 0.1631368100643158,
  "final_pred_loss": 1.258515567315044e-07,
  "final_reg_loss": 0.16313669085502625,
  "gt_state_amp_1": 0.7964931726455688,
  "gt_state_amp_10": 0.18408679962158203,
  "gt_state_amp_25": 0.03426040709018707,
  "gt_state_amp_5": 0.37382084131240845,
  "gt_state_amp_50": 0.00244793388992548,
  "integrated_probe_open_loop_error": 82.39506418345803,
  "lambda_reg": 1.0,
  "latent_dim": 16,
  "linear_probe_r2": 0.7116725104422919,
  "load_encoder_from": "runs/ou__sigreg__bptt__seed2/model.pt",
  "open_loop_mse_1": 1.2921765346618486e-07,
  "open_loop_mse_10": 1.931070698901749e-07,
  "open_loop_mse_25": 1.7560512333147926e-07,
  "open_loop_mse_5": 1.6915771539061097e-07,
  "open_loop_mse_50": 1.4971516293371678e-07,
  "perturb_amp_1": 0.052490778267383575,
  "perturb_amp_10": 9.990372745960485e-06,
  "perturb_amp_25": 1.0069491509057116e-05,
  "perturb_amp_5": 1.1563935004232917e-05,
  "perturb_amp_50": 1.0159268640563823e-05,
  "probe_open_loop_error_1": 1.6992818985369214,
  "probe_open_loop_error_10": 1.6217011453281196,
  "probe_open_loop_error_25": 1.6640421523279652,
  "probe_open_loop_error_5": 1.7030673409248203,
  "probe_open_loop_error_50": 1.6788161522490825,
  "probe_state_amp_1": 0.058391153477814095,
  "probe_state_amp_10": 0.010356186283188615,
  "probe_state_amp_25": 0.0093377805349461,
  "probe_state_amp_5": 0.010972505226618903,
  "probe_state_amp_50": 0.00969014195238908,
  "protocol": "bptt",
  "rank_1pct": 11.0,
  "reg_target": "encoded",
  "regularizer": "sigreg",
  "seed": 2,
  "sigreg_projections": 256,
  "steps": 10000
}
