{
  "abs_log_excess_amp_25": 0.014197822884771023,
  "collapsed": 1.0,
  "cov_trace": 2.8540028770240307,
  "effective_dim": 1.000158612347399,
  "env": "ou",
  "excess_amp_1": 0.8912799874496969,
  "excess_amp_10": 1.128809858169139,
  "excess_amp_25": 0.9859024908956362,
  "excess_amp_5": 1.0664229940653125,
  "excess_amp_50": 1.2497247962084619,
  "excess_amp_median_ratio_1": 0.7999769729365964,
  "excess_amp_median_ratio_10": 1.146723592222887,
  "excess_amp_median_ratio_25": 0.9895206406038526,
  "excess_amp_median_ratio_5": 1.0818621960824308,
  "excess_amp_median_ratio_50": 1.1876920857356263,
  "final_loss": 0.20701193809509277,
  "final_pred_loss": 0.09738845378160477,
  "final_reg_loss": 0.1096234917640686,
  "gt_state_amp_1": 0.7964931726455688,
  "gt_state_amp_10": 0.18408679962158203,
  "gt_state_amp_25": 0.03426040709018707,
  "gt_state_amp_5": 0.37382084131240845,
  "gt_state_amp_50": 0.00244793388992548,
  "integrated_probe_open_loop_error": 79.95019731345585,
  "lambda_reg": 1.0,
  "latent_dim": 16,
  "linear_probe_r2": 0.6652333704829749,
  "load_encoder_from": "runs/ou__sigreg__1step__seed2/model.pt",
  "open_loop_mse_1": 0.03336002305150032,
  "open_loop_mse_10": 0.17944619059562683,
  "open_loop_mse_25": 0.17352581024169922,
  "open_loop_mse_5": 0.12356620281934738,
  "open_loop_mse_50": 0.15982657670974731,
  "perturb_amp_1": 0.2116779386997223,
  "perturb_amp_10": 0.07338832318782806,
  "perturb_amp_25": 0.011637362651526928,
  "perturb_amp_5": 0.1307852566242218,
  "perturb_amp_50": 0.0005237275618128479,
  "probe_open_loop_error_1": 1.696612641444519,
  "probe_open_loop_error_10": 1.5324524652716507,
  "probe_open_loop_error_25": 1.6277216222003306,
  "probe_open_loop_error_5": 1.5873339048722066,
  "probe_open_loop_error_50": 1.6549364832957196,
  "probe_state_amp_1": 0.7098984249193119,
  "probe_state_amp_10": 0.20779899417164874,
  "probe_state_amp_25": 0.03377742068931395,
  "probe_state_amp_5": 0.39865114083639264,
  "probe_state_amp_50": 0.0030592436817189076,
  "protocol": "bptt",
  "rank_1pct": 1.0,
  "reg_target": "encoded",
  "regularizer": "sigreg",
  "seed": 2,
  "sigreg_projections": 256,
  "steps": 10000
}
